patient_id,image_id,pixel_foreground,total_pixel
1769.jpg,1769.jpg,11649,151866
1723.jpg,1723.jpg,21601,115920
1815.jpg,1815.jpg,32754,94053
1879.jpg,1879.jpg,60819,158678
1836.jpg,1836.jpg,1916,144768
1757.jpg,1757.jpg,8868,124122
1931.jpg,1931.jpg,19396,133812
1944.jpg,1944.jpg,5439,92730
1825.jpg,1825.jpg,54594,157824
1890.jpg,1890.jpg,7619,128152
1914.jpg,1914.jpg,33221,136606
1884.jpg,1884.jpg,13443,134045
1841.jpg,1841.jpg,41033,138096
1955.jpg,1955.jpg,9020,157320
1771.jpg,1771.jpg,170030,1127973
1794.jpg,1794.jpg,23997,160860
1953.jpg,1953.jpg,26208,107520
1948.jpg,1948.jpg,26020,104832
1787.jpg,1787.jpg,30504,134480
1788.jpg,1788.jpg,57832,92925
1842.jpg,1842.jpg,45096,123615
1859.jpg,1859.jpg,7267,117648
1806.jpg,1806.jpg,19299,81468
1853.jpg,1853.jpg,861,148086
1863.jpg,1863.jpg,1640,133334
1752.jpg,1752.jpg,23408,204281
1923.jpg,1923.jpg,6483,169026
1881.jpg,1881.jpg,14484,113560
1734.jpg,1734.jpg,2476,142460
1763.jpg,1763.jpg,6674,103700
1834.jpg,1834.jpg,8054,134480
1755.jpg,1755.jpg,12092,79222
1767.jpg,1767.jpg,10117,160210
1730.jpg,1730.jpg,39325,122470
1748.jpg,1748.jpg,12534,159676
1950.jpg,1950.jpg,49521,136606
1721.jpg,1721.jpg,45485,102025
1779.jpg,1779.jpg,53511,137760
1719.jpg,1719.jpg,24145,171492
1851.jpg,1851.jpg,39206,184125
1947.jpg,1947.jpg,6418,123496
1937.jpg,1937.jpg,22062,139469
1839.jpg,1839.jpg,2992,107559
1864.jpg,1864.jpg,2702,101361
1753.jpg,1753.jpg,44488,124509
1899.jpg,1899.jpg,22358,138610
1943.jpg,1943.jpg,144185,801381
1911.jpg,1911.jpg,52257,137274
1810.jpg,1810.jpg,22280,65190
1808.jpg,1808.jpg,7670,114570
1795.jpg,1795.jpg,77242,159418
1822.jpg,1822.jpg,35754,142002
1951.jpg,1951.jpg,48974,138355
1900.jpg,1900.jpg,57559,135378
1918.jpg,1918.jpg,32950,137780
1941.jpg,1941.jpg,20273,81787
1802.jpg,1802.jpg,10188,158360
1773.jpg,1773.jpg,4360,129344
1768.jpg,1768.jpg,21160,155520
1878.jpg,1878.jpg,15888,106240
1772.jpg,1772.jpg,1705,145604
1891.jpg,1891.jpg,141248,602605
1838.jpg,1838.jpg,17427,100165
1874.jpg,1874.jpg,19746,133660
1925.jpg,1925.jpg,54391,136372
1735.jpg,1735.jpg,4768,158530
1904.jpg,1904.jpg,27503,135300
1929.jpg,1929.jpg,42101,116314
1869.jpg,1869.jpg,8798,129766
1739.jpg,1739.jpg,3402,133900
1837.jpg,1837.jpg,16349,106020
1821.jpg,1821.jpg,3723,75852
1888.jpg,1888.jpg,61890,141570
1786.jpg,1786.jpg,58296,136940
1870.jpg,1870.jpg,16476,155928
1820.jpg,1820.jpg,50966,112669
1871.jpg,1871.jpg,18293,139629
1958.jpg,1958.jpg,16538,159418
1814.jpg,1814.jpg,3838,100300
1737.jpg,1737.jpg,25177,114582
2020.jpg,2020.jpg,23096,584550
1995.jpg,1995.jpg,71332,129276
2008.jpg,2008.jpg,6756,134890
1999.jpg,1999.jpg,12112,173038
2123.jpg,2123.jpg,3989,167040
2143.jpg,2143.jpg,1711,127566
2060.jpg,2060.jpg,56310,720060
2158.jpg,2158.jpg,4560,123396
2185.jpg,2185.jpg,27898,135456
1969.jpg,1969.jpg,53590,146692
2038.jpg,2038.jpg,3251,76884
2126.jpg,2126.jpg,11613,117640
2066.jpg,2066.jpg,8063,93058
2078.jpg,2078.jpg,23753,810324
2208.jpg,2208.jpg,119141,909168
2042.jpg,2042.jpg,6007,151281
1994.jpg,1994.jpg,52156,127500
1961.jpg,1961.jpg,10162,135864
2194.jpg,2194.jpg,10783,160218
2131.jpg,2131.jpg,2107,141440
1993.jpg,1993.jpg,14845,166492
1968.jpg,1968.jpg,30931,86718
2076.jpg,2076.jpg,5758,125800
2205.jpg,2205.jpg,198194,827680
1987.jpg,1987.jpg,127207,541803
2067.jpg,2067.jpg,10619,145812
2083.jpg,2083.jpg,21698,138918
2199.jpg,2199.jpg,12670,151983
2174.jpg,2174.jpg,52524,191730
2019.jpg,2019.jpg,20045,804090
2105.jpg,2105.jpg,1982,85550
2136.jpg,2136.jpg,24234,127380
2142.jpg,2142.jpg,5574,127125
2170.jpg,2170.jpg,25097,192228
2163.jpg,2163.jpg,16027,135788
2207.jpg,2207.jpg,141566,916725
2030.jpg,2030.jpg,145628,887028
2028.jpg,2028.jpg,13934,139668
2017.jpg,2017.jpg,7342,138507
2041.jpg,2041.jpg,4475,149818
2119.jpg,2119.jpg,49306,122640
2122.jpg,2122.jpg,2221,157132
2193.jpg,2193.jpg,6073,161850
2206.jpg,2206.jpg,196382,898275
2118.jpg,2118.jpg,14269,136120
2056.jpg,2056.jpg,4426,133903
2096.jpg,2096.jpg,2590,158976
2187.jpg,2187.jpg,2413,138355
2061.jpg,2061.jpg,41474,744744
2191.jpg,2191.jpg,5503,160632
2161.jpg,2161.jpg,3889,158208
1959.jpg,1959.jpg,9130,134970
2016.jpg,2016.jpg,3573,134480
2088.jpg,2088.jpg,10489,132020
1986.jpg,1986.jpg,25749,79734
2139.jpg,2139.jpg,12105,143220
2192.jpg,2192.jpg,7863,159005
2148.jpg,2148.jpg,6917,132192
2072.jpg,2072.jpg,4932,142197
2040.jpg,2040.jpg,2168,147833
2155.jpg,2155.jpg,14165,712050
1980.jpg,1980.jpg,20528,130471
2023.jpg,2023.jpg,18858,608798
1989.jpg,1989.jpg,64457,136863
1972.jpg,1972.jpg,9997,138580
2013.jpg,2013.jpg,4665,146673
2210.jpg,2210.jpg,26815,777170
2182.jpg,2182.jpg,7019,124722
2196.jpg,2196.jpg,3594,84390
2125.jpg,2125.jpg,12943,641190
1977.jpg,1977.jpg,67052,135762
2065.jpg,2065.jpg,16250,94575
2022.jpg,2022.jpg,26296,605334
2130.jpg,2130.jpg,5508,127464
2129.jpg,2129.jpg,7450,110825
2121.jpg,2121.jpg,5288,93925
2124.jpg,2124.jpg,17123,805560
2051.jpg,2051.jpg,4652,137685
2024.jpg,2024.jpg,21155,611940
2086.jpg,2086.jpg,27125,873108
2059.jpg,2059.jpg,102209,738450
2015.jpg,2015.jpg,9516,133496
2057.jpg,2057.jpg,5330,134397
2102.jpg,2102.jpg,7839,225816
2104.jpg,2104.jpg,9770,224652
2036.jpg,2036.jpg,6193,90228
2203.jpg,2203.jpg,1892,142688
1991.jpg,1991.jpg,5016,144622
2009.jpg,2009.jpg,10862,133824
2068.jpg,2068.jpg,11294,146231
1978.jpg,1978.jpg,1202,135300
2198.jpg,2198.jpg,17746,145152
1966.jpg,1966.jpg,86132,125147
2183.jpg,2183.jpg,4331,126140
2186.jpg,2186.jpg,2354,138844
1981.jpg,1981.jpg,24435,686488
2084.jpg,2084.jpg,38550,135960
1974.jpg,1974.jpg,10112,59212
2137.jpg,2137.jpg,43011,165750
2033.jpg,2033.jpg,12881,131109
2037.jpg,2037.jpg,2449,88755
2171.jpg,2171.jpg,39509,188742
2070.jpg,2070.jpg,5060,153360
2166.jpg,2166.jpg,15264,190734
2132.jpg,2132.jpg,2161,143374
2011.jpg,2011.jpg,2288,148176
2113.jpg,2113.jpg,16487,138276
2004.jpg,2004.jpg,1728,143031
1984.jpg,1984.jpg,94975,595350
1996.jpg,1996.jpg,51914,125800
2043.jpg,2043.jpg,5936,146448
2087.jpg,2087.jpg,37482,851460
2062.jpg,2062.jpg,54655,719852
2035.jpg,2035.jpg,6234,75690
2044.jpg,2044.jpg,9703,120960
2014.jpg,2014.jpg,9773,137496
1988.jpg,1988.jpg,12318,139104
2156.jpg,2156.jpg,16291,137685
2097.jpg,2097.jpg,995,126750
2089.jpg,2089.jpg,11699,133824
2175.jpg,2175.jpg,12981,633949
1967.jpg,1967.jpg,14167,88145
2021.jpg,2021.jpg,22532,612480
2002.jpg,2002.jpg,6875,149818
2073.jpg,2073.jpg,4066,143448
2154.jpg,2154.jpg,62775,136606
2039.jpg,2039.jpg,5637,74016
2204.jpg,2204.jpg,1906,142614
2173.jpg,2173.jpg,12437,194610
2074.jpg,2074.jpg,10967,144005
2010.jpg,2010.jpg,4817,136416
2209.jpg,2209.jpg,3355,126140
2115.jpg,2115.jpg,18324,160512
2180.jpg,2180.jpg,13193,737765
2031.jpg,2031.jpg,17911,847628
2026.jpg,2026.jpg,9875,136863
2080.jpg,2080.jpg,24879,783640
2167.jpg,2167.jpg,10033,194111
2005.jpg,2005.jpg,2131,136776
2069.jpg,2069.jpg,7268,143092
1979.jpg,1979.jpg,9969,70805
2071.jpg,2071.jpg,4214,151281
1983.jpg,1983.jpg,11482,136530
2202.jpg,2202.jpg,6511,179304
1960.jpg,1960.jpg,1615,116754
2099.jpg,2099.jpg,3573,144391
2145.jpg,2145.jpg,1870,124752
2027.jpg,2027.jpg,10144,140760
2101.jpg,2101.jpg,3275,154504
2075.jpg,2075.jpg,7481,124124
2116.jpg,2116.jpg,19147,158945
2090.jpg,2090.jpg,6921,126140
2093.jpg,2093.jpg,4628,85824
2157.jpg,2157.jpg,9733,126480
2000.jpg,2000.jpg,6432,177628
1965.jpg,1965.jpg,29103,90601
2133.jpg,2133.jpg,9654,160746
2007.jpg,2007.jpg,9739,156591
2064.jpg,2064.jpg,7728,116955
2052.jpg,2052.jpg,6090,135630
2147.jpg,2147.jpg,4098,151916
2149.jpg,2149.jpg,21805,136197
1963.jpg,1963.jpg,4972,73168
1962.jpg,1962.jpg,296810,446190
2197.jpg,2197.jpg,20369,78861
2181.jpg,2181.jpg,107342,704811
2168.jpg,2168.jpg,10927,192726
1976.jpg,1976.jpg,2285,118779
2151.jpg,2151.jpg,3321,134480
2188.jpg,2188.jpg,4363,144480
2172.jpg,2172.jpg,8834,191117
2025.jpg,2025.jpg,21584,606200
2045.jpg,2045.jpg,6184,118314
2153.jpg,2153.jpg,39003,138096
2047.jpg,2047.jpg,1379,139740
2117.jpg,2117.jpg,42583,157766
2120.jpg,2120.jpg,22545,122610
1973.jpg,1973.jpg,10823,142572
2046.jpg,2046.jpg,3883,138096
2190.jpg,2190.jpg,7707,161348
2201.jpg,2201.jpg,18634,177744
1971.jpg,1971.jpg,28136,142760
2138.jpg,2138.jpg,39781,144724
2106.jpg,2106.jpg,5846,78960
2077.jpg,2077.jpg,11785,125460
2127.jpg,2127.jpg,10332,114235
1970.jpg,1970.jpg,3300,176576
2178.jpg,2178.jpg,36916,722742
2179.jpg,2179.jpg,37761,704811
2103.jpg,2103.jpg,7357,224652
2001.jpg,2001.jpg,3584,137034
2053.jpg,2053.jpg,7075,135788
2063.jpg,2063.jpg,7514,118320
2082.jpg,2082.jpg,5499,201483
2169.jpg,2169.jpg,11636,192944
2112.jpg,2112.jpg,45385,741312
1998.jpg,1998.jpg,7044,173536
2146.jpg,2146.jpg,4220,155105
2012.jpg,2012.jpg,5654,152712
2128.jpg,2128.jpg,7586,111540
2160.jpg,2160.jpg,5182,125460
2054.jpg,2054.jpg,8799,135531
2049.jpg,2049.jpg,20939,102588
2034.jpg,2034.jpg,11757,138096
2164.jpg,2164.jpg,18326,129368
2079.jpg,2079.jpg,13231,780022
2195.jpg,2195.jpg,2610,190806
2109.jpg,2109.jpg,28036,548085
1964.jpg,1964.jpg,4085,80262
2098.jpg,2098.jpg,4547,126074
2162.jpg,2162.jpg,31508,127720
2094.jpg,2094.jpg,21917,84966
2091.jpg,2091.jpg,5064,124830
2110.jpg,2110.jpg,162063,608330
2092.jpg,2092.jpg,4247,90770
2006.jpg,2006.jpg,3611,120085
1985.jpg,1985.jpg,8666,143286
2150.jpg,2150.jpg,57797,94792
1997.jpg,1997.jpg,7975,162255
2100.jpg,2100.jpg,5065,125541
2141.jpg,2141.jpg,9375,144336
2085.jpg,2085.jpg,43272,140833
1990.jpg,1990.jpg,8317,141040
2134.jpg,2134.jpg,7874,162360
2111.jpg,2111.jpg,46219,909873
1982.jpg,1982.jpg,40920,134561
2107.jpg,2107.jpg,45407,597240
2177.jpg,2177.jpg,34518,685719
1992.jpg,1992.jpg,25026,155660
2095.jpg,2095.jpg,8681,143936
1975.jpg,1975.jpg,40138,102900
2159.jpg,2159.jpg,1119,126852
2081.jpg,2081.jpg,5128,162581
2189.jpg,2189.jpg,11914,144768
2055.jpg,2055.jpg,11659,136530
2050.jpg,2050.jpg,3988,138355
2048.jpg,2048.jpg,2452,105930
2032.jpg,2032.jpg,9494,134724
2152.jpg,2152.jpg,3598,135219
2176.jpg,2176.jpg,5107,634035
2140.jpg,2140.jpg,27731,143616
2165.jpg,2165.jpg,15316,188244
2135.jpg,2135.jpg,12241,159720
2144.jpg,2144.jpg,1966,125829
2200.jpg,2200.jpg,20871,172304
2018.jpg,2018.jpg,26359,831342
2114.jpg,2114.jpg,13073,137685
2108.jpg,2108.jpg,23180,628494
2003.jpg,2003.jpg,5957,149385
2184.jpg,2184.jpg,54797,137350
2029.jpg,2029.jpg,115311,877836
2058.jpg,2058.jpg,5579,137685
2346.jpg,2346.jpg,21835,140828
2319.jpg,2319.jpg,768,135200
2401.jpg,2401.jpg,6780,172050
2243.jpg,2243.jpg,1684,126567
2239.jpg,2239.jpg,50807,137274
2327.jpg,2327.jpg,8990,143640
2340.jpg,2340.jpg,8790,143871
2267.jpg,2267.jpg,10512,84096
2389.jpg,2389.jpg,11008,142964
2303.jpg,2303.jpg,41255,281728
2312.jpg,2312.jpg,40477,190895
2400.jpg,2400.jpg,24913,159318
2308.jpg,2308.jpg,8137,149650
2270.jpg,2270.jpg,12396,87580
2390.jpg,2390.jpg,9773,140346
2307.jpg,2307.jpg,12150,139602
2364.jpg,2364.jpg,68667,138195
2246.jpg,2246.jpg,1668,123840
2330.jpg,2330.jpg,38661,137015
2226.jpg,2226.jpg,2909,132682
2374.jpg,2374.jpg,3489,187833
2266.jpg,2266.jpg,2743,134724
2285.jpg,2285.jpg,3155,147000
2334.jpg,2334.jpg,4313,113022
2335.jpg,2335.jpg,4859,115566
2265.jpg,2265.jpg,2211,136530
2280.jpg,2280.jpg,2577,136041
2220.jpg,2220.jpg,2649,207282
2332.jpg,2332.jpg,64944,831900
2393.jpg,2393.jpg,3387,133399
2294.jpg,2294.jpg,39233,131430
2377.jpg,2377.jpg,12896,98638
2387.jpg,2387.jpg,3699,136345
2410.jpg,2410.jpg,57732,155160
2379.jpg,2379.jpg,3802,96432
2268.jpg,2268.jpg,9352,85260
2251.jpg,2251.jpg,4406,118440
2368.jpg,2368.jpg,36899,162628
2256.jpg,2256.jpg,3343,152928
2388.jpg,2388.jpg,27252,138690
2236.jpg,2236.jpg,32158,137529
2305.jpg,2305.jpg,16072,599325
2252.jpg,2252.jpg,7823,125668
2366.jpg,2366.jpg,17156,152143
2232.jpg,2232.jpg,4575,135379
2323.jpg,2323.jpg,19393,138624
2344.jpg,2344.jpg,16519,152574
2283.jpg,2283.jpg,16426,797538
2248.jpg,2248.jpg,2188,135300
2337.jpg,2337.jpg,5908,136272
2286.jpg,2286.jpg,11130,716384
2328.jpg,2328.jpg,283951,918400
2386.jpg,2386.jpg,7942,146692
2338.jpg,2338.jpg,15349,140007
2402.jpg,2402.jpg,7694,171216
2259.jpg,2259.jpg,6940,133743
2309.jpg,2309.jpg,18409,124726
2325.jpg,2325.jpg,23286,149040
2384.jpg,2384.jpg,47545,659846
2397.jpg,2397.jpg,29375,142140
2375.jpg,2375.jpg,52365,886800
2406.jpg,2406.jpg,4491,139256
2311.jpg,2311.jpg,29017,144768
2407.jpg,2407.jpg,5467,156980
2290.jpg,2290.jpg,75601,481925
2409.jpg,2409.jpg,2278,123552
2282.jpg,2282.jpg,57790,146200
2363.jpg,2363.jpg,4028,799596
2279.jpg,2279.jpg,1495,137685
2299.jpg,2299.jpg,1489,142680
2260.jpg,2260.jpg,1633,138276
2244.jpg,2244.jpg,1563,123760
2301.jpg,2301.jpg,81605,214434
2339.jpg,2339.jpg,29853,132682
2288.jpg,2288.jpg,29979,137256
2291.jpg,2291.jpg,32623,494577
2316.jpg,2316.jpg,22875,137350
2329.jpg,2329.jpg,16946,140365
2223.jpg,2223.jpg,2530,211578
2336.jpg,2336.jpg,3693,137350
2233.jpg,2233.jpg,2067,136290
2289.jpg,2289.jpg,84059,448472
2228.jpg,2228.jpg,3137,137015
2261.jpg,2261.jpg,2125,135710
2317.jpg,2317.jpg,798,127078
2240.jpg,2240.jpg,16782,137350
2324.jpg,2324.jpg,28614,164749
2348.jpg,2348.jpg,13039,136214
2249.jpg,2249.jpg,5400,123090
2273.jpg,2273.jpg,5566,172520
2347.jpg,2347.jpg,16522,339967
2234.jpg,2234.jpg,1383,135710
2297.jpg,2297.jpg,7759,214236
2351.jpg,2351.jpg,11475,125644
2413.jpg,2413.jpg,9011,142002
2222.jpg,2222.jpg,2083,211140
2367.jpg,2367.jpg,52338,154947
2321.jpg,2321.jpg,23217,123188
2257.jpg,2257.jpg,11897,140696
2247.jpg,2247.jpg,2218,136703
2356.jpg,2356.jpg,9185,137776
2333.jpg,2333.jpg,114661,904195
2381.jpg,2381.jpg,173987,676780
2295.jpg,2295.jpg,10794,144210
2216.jpg,2216.jpg,18290,138096
2281.jpg,2281.jpg,1896,137780
2300.jpg,2300.jpg,1943,131528
2212.jpg,2212.jpg,45757,797500
2269.jpg,2269.jpg,12079,83520
2395.jpg,2395.jpg,5116,83160
2225.jpg,2225.jpg,2675,208593
2304.jpg,2304.jpg,13850,261392
2342.jpg,2342.jpg,2257,145180
2310.jpg,2310.jpg,39883,134136
2214.jpg,2214.jpg,17987,137685
2211.jpg,2211.jpg,44008,767988
2271.jpg,2271.jpg,5436,66937
2369.jpg,2369.jpg,4614,149385
2314.jpg,2314.jpg,2390,123554
2213.jpg,2213.jpg,37481,790250
2358.jpg,2358.jpg,63655,133903
2250.jpg,2250.jpg,5265,115519
2345.jpg,2345.jpg,19981,122265
2263.jpg,2263.jpg,2551,141622
2365.jpg,2365.jpg,3176,137350
2229.jpg,2229.jpg,4645,140420
2394.jpg,2394.jpg,8022,135660
2353.jpg,2353.jpg,16518,111756
2302.jpg,2302.jpg,21633,264554
2396.jpg,2396.jpg,1992,136416
2258.jpg,2258.jpg,10376,134808
2245.jpg,2245.jpg,9945,123420
2404.jpg,2404.jpg,25387,861126
2360.jpg,2360.jpg,5663,490314
2405.jpg,2405.jpg,27876,863880
2238.jpg,2238.jpg,39826,135788
2331.jpg,2331.jpg,69298,926739
2408.jpg,2408.jpg,8410,156912
2215.jpg,2215.jpg,8533,137196
2326.jpg,2326.jpg,3601,140904
2341.jpg,2341.jpg,6322,144892
2315.jpg,2315.jpg,10831,139469
2254.jpg,2254.jpg,6258,132854
2298.jpg,2298.jpg,10794,213983
2292.jpg,2292.jpg,62005,203685
2371.jpg,2371.jpg,16531,135300
2398.jpg,2398.jpg,8820,133062
2242.jpg,2242.jpg,3035,160128
2221.jpg,2221.jpg,4615,208893
2412.jpg,2412.jpg,6561,119355
2218.jpg,2218.jpg,2027,144816
2373.jpg,2373.jpg,5805,154009
2403.jpg,2403.jpg,7181,157932
2357.jpg,2357.jpg,5369,143175
2391.jpg,2391.jpg,62090,158911
2235.jpg,2235.jpg,4153,138432
2274.jpg,2274.jpg,3696,92538
2272.jpg,2272.jpg,4950,170781
2361.jpg,2361.jpg,52809,708768
2349.jpg,2349.jpg,22296,132925
2253.jpg,2253.jpg,7475,128865
2293.jpg,2293.jpg,2548,141694
2318.jpg,2318.jpg,584,126712
2306.jpg,2306.jpg,15625,59690
2383.jpg,2383.jpg,14255,716352
2237.jpg,2237.jpg,26374,138096
2231.jpg,2231.jpg,2852,134890
2296.jpg,2296.jpg,89214,529820
2382.jpg,2382.jpg,84398,749914
2378.jpg,2378.jpg,4382,97500
2278.jpg,2278.jpg,19225,425568
2399.jpg,2399.jpg,17746,163068
2392.jpg,2392.jpg,41541,166320
2350.jpg,2350.jpg,18023,131752
2411.jpg,2411.jpg,82353,120085
2355.jpg,2355.jpg,30728,139469
2219.jpg,2219.jpg,2791,200674
2343.jpg,2343.jpg,33873,149296
2224.jpg,2224.jpg,2751,212613
2362.jpg,2362.jpg,60497,705188
2262.jpg,2262.jpg,1692,144136
2287.jpg,2287.jpg,6859,690624
2354.jpg,2354.jpg,13793,118104
2241.jpg,2241.jpg,3074,138096
2284.jpg,2284.jpg,2888,160776
2264.jpg,2264.jpg,6232,142270
2322.jpg,2322.jpg,13239,143400
2385.jpg,2385.jpg,147000,840750
2227.jpg,2227.jpg,4059,138580
2255.jpg,2255.jpg,7120,136017
2372.jpg,2372.jpg,1152,133900
2275.jpg,2275.jpg,3899,93174
2359.jpg,2359.jpg,63086,164540
2320.jpg,2320.jpg,20367,113230
2230.jpg,2230.jpg,2028,136197
2276.jpg,2276.jpg,8966,91324
2380.jpg,2380.jpg,33382,94792
2376.jpg,2376.jpg,49657,985324
2217.jpg,2217.jpg,4019,146016
2352.jpg,2352.jpg,5489,122512
2370.jpg,2370.jpg,39281,119160
2277.jpg,2277.jpg,7309,89879
2313.jpg,2313.jpg,20294,198779
2551.jpg,2551.jpg,3839,157000
2578.jpg,2578.jpg,4705,134640
2508.jpg,2508.jpg,7806,153027
2613.jpg,2613.jpg,12271,157136
2555.jpg,2555.jpg,172062,843249
2458.jpg,2458.jpg,10422,176943
2601.jpg,2601.jpg,4479,129444
2420.jpg,2420.jpg,12417,128160
2515.jpg,2515.jpg,31059,138444
2609.jpg,2609.jpg,23417,157248
2524.jpg,2524.jpg,893,136206
2499.jpg,2499.jpg,29926,150552
2574.jpg,2574.jpg,12149,109536
2488.jpg,2488.jpg,1988,128928
2446.jpg,2446.jpg,38850,661986
2630.jpg,2630.jpg,5154,139400
2550.jpg,2550.jpg,30625,138567
2436.jpg,2436.jpg,2168,138432
2480.jpg,2480.jpg,16487,164844
2604.jpg,2604.jpg,84908,148096
2494.jpg,2494.jpg,2405,132275
2572.jpg,2572.jpg,13855,320436
2597.jpg,2597.jpg,183291,906246
2634.jpg,2634.jpg,9715,132065
2512.jpg,2512.jpg,33128,126945
2629.jpg,2629.jpg,971,138507
2474.jpg,2474.jpg,8194,125972
2471.jpg,2471.jpg,11062,136960
2456.jpg,2456.jpg,9727,120807
2448.jpg,2448.jpg,16798,134310
2439.jpg,2439.jpg,51922,136290
2423.jpg,2423.jpg,27068,138690
2547.jpg,2547.jpg,29906,124950
2565.jpg,2565.jpg,42309,155088
2519.jpg,2519.jpg,30237,132925
2611.jpg,2611.jpg,32684,131461
2618.jpg,2618.jpg,8425,858165
2556.jpg,2556.jpg,183183,807590
2431.jpg,2431.jpg,28653,140080
2635.jpg,2635.jpg,5942,137760
2631.jpg,2631.jpg,14320,75690
2543.jpg,2543.jpg,21652,118664
2638.jpg,2638.jpg,1994,137088
2567.jpg,2567.jpg,4409,144075
2561.jpg,2561.jpg,18700,556471
2506.jpg,2506.jpg,1578,188708
2563.jpg,2563.jpg,6176,126024
2505.jpg,2505.jpg,1701,185878
2490.jpg,2490.jpg,68825,146365
2487.jpg,2487.jpg,895,138242
2477.jpg,2477.jpg,16588,135408
2614.jpg,2614.jpg,21060,588014
2444.jpg,2444.jpg,2226,72416
2532.jpg,2532.jpg,4401,120908
2573.jpg,2573.jpg,21940,147549
2443.jpg,2443.jpg,3426,139776
2608.jpg,2608.jpg,2801,134792
2495.jpg,2495.jpg,1409,128612
2526.jpg,2526.jpg,11391,106650
2507.jpg,2507.jpg,78042,158360
2427.jpg,2427.jpg,1763,153120
2459.jpg,2459.jpg,3623,169830
2467.jpg,2467.jpg,39555,618150
2537.jpg,2537.jpg,31828,133416
2415.jpg,2415.jpg,30228,141588
2591.jpg,2591.jpg,7181,138312
2422.jpg,2422.jpg,16992,138355
2549.jpg,2549.jpg,17497,140283
2632.jpg,2632.jpg,8523,76329
2521.jpg,2521.jpg,28817,135960
2620.jpg,2620.jpg,164433,559438
2633.jpg,2633.jpg,2831,139320
2616.jpg,2616.jpg,5986,137058
2587.jpg,2587.jpg,39093,154717
2463.jpg,2463.jpg,1560,124916
2606.jpg,2606.jpg,15540,832158
2419.jpg,2419.jpg,1723,138020
2619.jpg,2619.jpg,11304,142259
2498.jpg,2498.jpg,24821,111360
2517.jpg,2517.jpg,47803,138768
2566.jpg,2566.jpg,20863,143899
2513.jpg,2513.jpg,39062,125766
2577.jpg,2577.jpg,316190,864240
2590.jpg,2590.jpg,88246,156940
2600.jpg,2600.jpg,1628,134532
2516.jpg,2516.jpg,12928,136863
2461.jpg,2461.jpg,4489,131544
2538.jpg,2538.jpg,23087,808128
2426.jpg,2426.jpg,38781,174124
2595.jpg,2595.jpg,1460,129920
2533.jpg,2533.jpg,3045,134717
2462.jpg,2462.jpg,41197,167601
2628.jpg,2628.jpg,10124,139536
2553.jpg,2553.jpg,7718,135219
2497.jpg,2497.jpg,6104,143104
2594.jpg,2594.jpg,58259,157504
2452.jpg,2452.jpg,2291,140292
2438.jpg,2438.jpg,21601,137608
2445.jpg,2445.jpg,24011,139668
2523.jpg,2523.jpg,39084,137685
2534.jpg,2534.jpg,3855,132762
2464.jpg,2464.jpg,4472,137388
2542.jpg,2542.jpg,29494,136452
2585.jpg,2585.jpg,25976,104351
2612.jpg,2612.jpg,6383,138993
2544.jpg,2544.jpg,17410,138040
2528.jpg,2528.jpg,1986,133986
2637.jpg,2637.jpg,2712,138170
2564.jpg,2564.jpg,3487,123895
2557.jpg,2557.jpg,37066,880380
2434.jpg,2434.jpg,36767,793969
2447.jpg,2447.jpg,61223,598504
2451.jpg,2451.jpg,9610,138330
2554.jpg,2554.jpg,9344,103037
2429.jpg,2429.jpg,7692,133672
2541.jpg,2541.jpg,41257,141440
2496.jpg,2496.jpg,23502,133008
2599.jpg,2599.jpg,321804,738048
2441.jpg,2441.jpg,3049,133575
2450.jpg,2450.jpg,6358,196735
2475.jpg,2475.jpg,21656,136857
2437.jpg,2437.jpg,90092,129870
2500.jpg,2500.jpg,25658,155067
2621.jpg,2621.jpg,21870,130698
2472.jpg,2472.jpg,14405,143380
2493.jpg,2493.jpg,4231,132534
2522.jpg,2522.jpg,39405,138689
2435.jpg,2435.jpg,67389,813600
2479.jpg,2479.jpg,17785,135877
2465.jpg,2465.jpg,67741,165784
2623.jpg,2623.jpg,3986,110544
2552.jpg,2552.jpg,8508,141174
2430.jpg,2430.jpg,2878,136680
2476.jpg,2476.jpg,14701,135538
2540.jpg,2540.jpg,8639,44197
2586.jpg,2586.jpg,17124,167601
2558.jpg,2558.jpg,3076,110840
2636.jpg,2636.jpg,22032,136822
2562.jpg,2562.jpg,5022,133892
2481.jpg,2481.jpg,216056,936285
2581.jpg,2581.jpg,8713,135960
2539.jpg,2539.jpg,23369,818376
2580.jpg,2580.jpg,22416,140529
2417.jpg,2417.jpg,7319,136452
2593.jpg,2593.jpg,11401,147147
2568.jpg,2568.jpg,993,148248
2639.jpg,2639.jpg,49759,156972
2428.jpg,2428.jpg,17267,168870
2617.jpg,2617.jpg,249554,768066
2602.jpg,2602.jpg,90841,948409
2610.jpg,2610.jpg,17133,129744
2529.jpg,2529.jpg,50688,133574
2535.jpg,2535.jpg,6912,134232
2504.jpg,2504.jpg,19419,873896
2598.jpg,2598.jpg,45164,639432
2440.jpg,2440.jpg,2228,136539
2433.jpg,2433.jpg,63691,684454
2416.jpg,2416.jpg,31559,142830
2546.jpg,2546.jpg,5319,75260
2570.jpg,2570.jpg,11837,104304
2615.jpg,2615.jpg,29968,591789
2470.jpg,2470.jpg,3115,142661
2421.jpg,2421.jpg,16669,130272
2607.jpg,2607.jpg,5576,138844
2491.jpg,2491.jpg,36298,130074
2466.jpg,2466.jpg,22314,139181
2603.jpg,2603.jpg,12097,132720
2460.jpg,2460.jpg,20779,152694
2501.jpg,2501.jpg,798,144236
2478.jpg,2478.jpg,13079,136197
2531.jpg,2531.jpg,36441,118374
2514.jpg,2514.jpg,17826,142002
2454.jpg,2454.jpg,48959,848868
2525.jpg,2525.jpg,12900,106196
2582.jpg,2582.jpg,2078,129368
2502.jpg,2502.jpg,24618,133986
2575.jpg,2575.jpg,5020,140616
2414.jpg,2414.jpg,9982,143028
2482.jpg,2482.jpg,206557,843795
2589.jpg,2589.jpg,5944,148944
2449.jpg,2449.jpg,33354,139025
2509.jpg,2509.jpg,23504,149372
2584.jpg,2584.jpg,14823,156620
2576.jpg,2576.jpg,12625,136900
2489.jpg,2489.jpg,14118,159840
2527.jpg,2527.jpg,17885,115584
2468.jpg,2468.jpg,34826,689010
2548.jpg,2548.jpg,38731,130680
2622.jpg,2622.jpg,19818,161160
2469.jpg,2469.jpg,31335,696960
2424.jpg,2424.jpg,15720,139230
2453.jpg,2453.jpg,122537,872820
2520.jpg,2520.jpg,15822,136863
2545.jpg,2545.jpg,6507,140352
2536.jpg,2536.jpg,50854,531960
2571.jpg,2571.jpg,9684,345015
2425.jpg,2425.jpg,3776,135228
2626.jpg,2626.jpg,17500,148200
2484.jpg,2484.jpg,48315,683050
2442.jpg,2442.jpg,2109,129269
2625.jpg,2625.jpg,68252,169974
2432.jpg,2432.jpg,36010,663460
2583.jpg,2583.jpg,6657,480940
2530.jpg,2530.jpg,10330,136998
2592.jpg,2592.jpg,37654,145520
2418.jpg,2418.jpg,50105,137942
2624.jpg,2624.jpg,6262,64664
2596.jpg,2596.jpg,34830,133416
2483.jpg,2483.jpg,118299,864892
2503.jpg,2503.jpg,78408,135219
2579.jpg,2579.jpg,6780,134312
2486.jpg,2486.jpg,16564,139878
2627.jpg,2627.jpg,7828,150483
2473.jpg,2473.jpg,71277,897700
2510.jpg,2510.jpg,34816,157002
2588.jpg,2588.jpg,3410,140483
2560.jpg,2560.jpg,10829,163710
2492.jpg,2492.jpg,1938,127204
2457.jpg,2457.jpg,3924,86994
2518.jpg,2518.jpg,25877,138580
2605.jpg,2605.jpg,12137,189222
2511.jpg,2511.jpg,8539,99036
2569.jpg,2569.jpg,15034,131024
2485.jpg,2485.jpg,64837,687258
2455.jpg,2455.jpg,3704,132370
2559.jpg,2559.jpg,2092,161142
2696.jpg,2696.jpg,6688,141856
2873.jpg,2873.jpg,7918,161408
2859.jpg,2859.jpg,10546,912576
2723.jpg,2723.jpg,27058,158976
2815.jpg,2815.jpg,1471,173272
2685.jpg,2685.jpg,5435,140630
2700.jpg,2700.jpg,11224,159100
2687.jpg,2687.jpg,2723,140151
2769.jpg,2769.jpg,9387,141984
2674.jpg,2674.jpg,3818,123824
2799.jpg,2799.jpg,2598,84100
2699.jpg,2699.jpg,10935,159220
2816.jpg,2816.jpg,3298,197925
2875.jpg,2875.jpg,3043,67968
2783.jpg,2783.jpg,14366,143671
2785.jpg,2785.jpg,96928,958362
2748.jpg,2748.jpg,4324,142345
2798.jpg,2798.jpg,23100,138432
2721.jpg,2721.jpg,11132,120624
2830.jpg,2830.jpg,8040,136041
2818.jpg,2818.jpg,2199,135792
2765.jpg,2765.jpg,2470,143936
2845.jpg,2845.jpg,10658,107254
2803.jpg,2803.jpg,65841,161070
2808.jpg,2808.jpg,5615,139256
2679.jpg,2679.jpg,66537,1008995
2692.jpg,2692.jpg,3621,92496
2804.jpg,2804.jpg,11086,157320
2872.jpg,2872.jpg,14214,137015
2714.jpg,2714.jpg,4553,90720
2759.jpg,2759.jpg,13212,195888
2833.jpg,2833.jpg,3188,140151
2871.jpg,2871.jpg,38050,151117
2697.jpg,2697.jpg,58985,161408
2805.jpg,2805.jpg,29095,140833
2787.jpg,2787.jpg,11264,163380
2712.jpg,2712.jpg,6817,180153
2733.jpg,2733.jpg,3785,160072
2708.jpg,2708.jpg,8912,133545
2838.jpg,2838.jpg,3590,137760
2832.jpg,2832.jpg,1313,126840
2653.jpg,2653.jpg,76136,868248
2829.jpg,2829.jpg,14253,139527
2828.jpg,2828.jpg,2164,139668
2791.jpg,2791.jpg,32374,889280
2878.jpg,2878.jpg,2981,142842
2664.jpg,2664.jpg,34207,165958
2782.jpg,2782.jpg,2689,76007
2836.jpg,2836.jpg,4454,137942
2810.jpg,2810.jpg,3037,121040
2731.jpg,2731.jpg,6977,1040664
2869.jpg,2869.jpg,6375,119009
2776.jpg,2776.jpg,17443,166650
2667.jpg,2667.jpg,5553,138432
2727.jpg,2727.jpg,11272,160716
2851.jpg,2851.jpg,70553,864291
2655.jpg,2655.jpg,27164,613431
2745.jpg,2745.jpg,5404,137862
2758.jpg,2758.jpg,8701,128216
2682.jpg,2682.jpg,6565,154800
2820.jpg,2820.jpg,3473,162184
2657.jpg,2657.jpg,82168,544095
2850.jpg,2850.jpg,36505,158592
2757.jpg,2757.jpg,3643,145522
2807.jpg,2807.jpg,13175,866692
2784.jpg,2784.jpg,3881,136452
2750.jpg,2750.jpg,6130,139594
2823.jpg,2823.jpg,9445,164320
2856.jpg,2856.jpg,8043,149292
2768.jpg,2768.jpg,3717,134505
2788.jpg,2788.jpg,8843,790452
2831.jpg,2831.jpg,17774,138020
2754.jpg,2754.jpg,9696,155372
2767.jpg,2767.jpg,15899,638120
2847.jpg,2847.jpg,148819,513608
2739.jpg,2739.jpg,1945,154616
2841.jpg,2841.jpg,5556,198679
2842.jpg,2842.jpg,3975,150524
2688.jpg,2688.jpg,3207,137350
2644.jpg,2644.jpg,19440,130704
2646.jpg,2646.jpg,4567,120475
2779.jpg,2779.jpg,1822,141750
2709.jpg,2709.jpg,10818,154080
2698.jpg,2698.jpg,16685,160545
2762.jpg,2762.jpg,2020,140392
2863.jpg,2863.jpg,2943,248670
2740.jpg,2740.jpg,3134,97236
2752.jpg,2752.jpg,9467,145882
2751.jpg,2751.jpg,205538,789544
2822.jpg,2822.jpg,11354,139827
2738.jpg,2738.jpg,12936,152766
2689.jpg,2689.jpg,4158,144136
2866.jpg,2866.jpg,626,106641
2819.jpg,2819.jpg,8366,139932
2774.jpg,2774.jpg,54220,136606
2680.jpg,2680.jpg,6632,158530
2706.jpg,2706.jpg,7634,142072
2713.jpg,2713.jpg,2277,144282
2640.jpg,2640.jpg,42342,157396
2728.jpg,2728.jpg,19234,625395
2789.jpg,2789.jpg,154186,678447
2659.jpg,2659.jpg,23895,677768
2658.jpg,2658.jpg,267481,677322
2763.jpg,2763.jpg,7809,544544
2853.jpg,2853.jpg,4793,156972
2711.jpg,2711.jpg,6175,135379
2652.jpg,2652.jpg,60223,914508
2867.jpg,2867.jpg,5752,143220
2690.jpg,2690.jpg,7144,142272
2660.jpg,2660.jpg,54813,136740
2742.jpg,2742.jpg,6656,145376
2855.jpg,2855.jpg,26432,150304
2703.jpg,2703.jpg,3530,126636
2677.jpg,2677.jpg,12450,138844
2861.jpg,2861.jpg,15471,156560
2747.jpg,2747.jpg,1451,143520
2835.jpg,2835.jpg,1030,141588
2770.jpg,2770.jpg,3191,80080
2705.jpg,2705.jpg,3450,156980
2749.jpg,2749.jpg,18304,816912
2755.jpg,2755.jpg,22463,585574
2656.jpg,2656.jpg,284724,688802
2773.jpg,2773.jpg,1990,136272
2800.jpg,2800.jpg,1772,160094
2642.jpg,2642.jpg,1557,107780
2844.jpg,2844.jpg,6314,123109
2862.jpg,2862.jpg,7457,81209
2744.jpg,2744.jpg,43530,140832
2840.jpg,2840.jpg,2927,194094
2846.jpg,2846.jpg,1851,161824
2860.jpg,2860.jpg,81054,882102
2837.jpg,2837.jpg,2336,121512
2857.jpg,2857.jpg,7520,135939
2795.jpg,2795.jpg,2506,139256
2645.jpg,2645.jpg,15620,122493
2734.jpg,2734.jpg,1638,147744
2710.jpg,2710.jpg,5714,178560
2809.jpg,2809.jpg,3646,137608
2722.jpg,2722.jpg,2633,118755
2772.jpg,2772.jpg,14955,141484
2720.jpg,2720.jpg,114507,871260
2647.jpg,2647.jpg,2486,142646
2760.jpg,2760.jpg,23764,1000875
2778.jpg,2778.jpg,37231,116156
2691.jpg,2691.jpg,8920,142392
2827.jpg,2827.jpg,7697,98600
2672.jpg,2672.jpg,936,134561
2665.jpg,2665.jpg,20073,153282
2854.jpg,2854.jpg,13528,128132
2870.jpg,2870.jpg,3027,137423
2662.jpg,2662.jpg,15763,139181
2671.jpg,2671.jpg,11044,133008
2649.jpg,2649.jpg,7703,84180
2670.jpg,2670.jpg,17463,138096
2771.jpg,2771.jpg,5559,150850
2793.jpg,2793.jpg,18336,665532
2868.jpg,2868.jpg,5821,121380
2673.jpg,2673.jpg,2365,142560
2796.jpg,2796.jpg,2634,142538
2724.jpg,2724.jpg,9013,141659
2719.jpg,2719.jpg,5677,126140
2766.jpg,2766.jpg,7272,324162
2852.jpg,2852.jpg,4294,157030
2792.jpg,2792.jpg,20151,690432
2725.jpg,2725.jpg,6684,156591
2801.jpg,2801.jpg,28145,158148
2874.jpg,2874.jpg,2726,135219
2681.jpg,2681.jpg,8440,937971
2695.jpg,2695.jpg,5101,194854
2718.jpg,2718.jpg,6486,138844
2802.jpg,2802.jpg,8858,197694
2825.jpg,2825.jpg,10459,697296
2726.jpg,2726.jpg,6075,154227
2876.jpg,2876.jpg,4255,140833
2824.jpg,2824.jpg,56450,924294
2654.jpg,2654.jpg,16644,604032
2761.jpg,2761.jpg,4228,143756
2716.jpg,2716.jpg,4464,147147
2848.jpg,2848.jpg,22011,138414
2777.jpg,2777.jpg,2345,163500
2683.jpg,2683.jpg,59373,853740
2730.jpg,2730.jpg,28318,136784
2839.jpg,2839.jpg,3329,186876
2736.jpg,2736.jpg,9572,168000
2811.jpg,2811.jpg,21667,129234
2812.jpg,2812.jpg,1281,161408
2780.jpg,2780.jpg,8747,139594
2715.jpg,2715.jpg,7615,557898
2834.jpg,2834.jpg,4902,135877
2648.jpg,2648.jpg,1984,148608
2693.jpg,2693.jpg,14003,142688
2661.jpg,2661.jpg,28886,137015
2753.jpg,2753.jpg,6069,165330
2702.jpg,2702.jpg,2447,125965
2741.jpg,2741.jpg,17473,557768
2756.jpg,2756.jpg,12797,158256
2732.jpg,2732.jpg,2458,140562
2814.jpg,2814.jpg,1136,137196
2666.jpg,2666.jpg,5360,150419
2737.jpg,2737.jpg,10682,140007
2668.jpg,2668.jpg,12488,135379
2707.jpg,2707.jpg,5714,215738
2717.jpg,2717.jpg,26541,159390
2663.jpg,2663.jpg,61168,163761
2826.jpg,2826.jpg,3085,138844
2694.jpg,2694.jpg,9718,118875
2821.jpg,2821.jpg,30818,884292
2864.jpg,2864.jpg,15337,170742
2786.jpg,2786.jpg,12660,153918
2794.jpg,2794.jpg,2525,140946
2743.jpg,2743.jpg,1283,110716
2701.jpg,2701.jpg,19502,121477
2704.jpg,2704.jpg,6414,158620
2764.jpg,2764.jpg,53877,165165
2686.jpg,2686.jpg,30546,946270
2678.jpg,2678.jpg,4757,137088
2781.jpg,2781.jpg,13268,858803
2877.jpg,2877.jpg,6101,141514
2651.jpg,2651.jpg,19833,168295
2650.jpg,2650.jpg,29979,185706
2676.jpg,2676.jpg,3700,143850
2669.jpg,2669.jpg,10563,138355
2817.jpg,2817.jpg,2690,137448
2675.jpg,2675.jpg,1840,163020
2729.jpg,2729.jpg,1617,186148
2813.jpg,2813.jpg,21114,715122
2641.jpg,2641.jpg,43254,104532
2849.jpg,2849.jpg,36324,121448
2806.jpg,2806.jpg,2618,138580
2746.jpg,2746.jpg,12244,145184
2643.jpg,2643.jpg,7241,92168
2797.jpg,2797.jpg,14941,905580
2684.jpg,2684.jpg,8154,143031
2790.jpg,2790.jpg,14878,749988
2735.jpg,2735.jpg,9388,154148
2843.jpg,2843.jpg,2888,135630
2858.jpg,2858.jpg,20814,150075
2775.jpg,2775.jpg,2665,141659
2865.jpg,2865.jpg,33765,511116
0960.jpg,0960.jpg,9348,127908
1013.jpg,1013.jpg,32916,113834
0871.jpg,0871.jpg,13945,117688
0905.jpg,0905.jpg,11916,143978
0863.jpg,0863.jpg,56433,98908
0874.jpg,0874.jpg,17532,137982
0940.jpg,0940.jpg,29603,151533
1005.jpg,1005.jpg,33598,155100
0961.jpg,0961.jpg,19212,105570
0973.jpg,0973.jpg,12003,150920
1007.jpg,1007.jpg,18697,130790
1011.jpg,1011.jpg,1804,82368
0944.jpg,0944.jpg,4753,156560
0956.jpg,0956.jpg,4731,122590
0831.jpg,0831.jpg,12583,166140
0858.jpg,0858.jpg,5706,67479
0942.jpg,0942.jpg,19619,68310
0911.jpg,0911.jpg,5486,125664
0904.jpg,0904.jpg,32808,145875
0935.jpg,0935.jpg,7689,94284
0907.jpg,0907.jpg,3752,201750
0929.jpg,0929.jpg,44178,176616
0976.jpg,0976.jpg,10975,108460
0886.jpg,0886.jpg,46075,197000
0926.jpg,0926.jpg,5126,94848
0948.jpg,0948.jpg,17624,114540
0891.jpg,0891.jpg,8407,121204
0890.jpg,0890.jpg,4552,88193
0860.jpg,0860.jpg,11995,110745
0834.jpg,0834.jpg,4534,86122
0885.jpg,0885.jpg,2303,198792
1000.jpg,1000.jpg,15477,139668
0876.jpg,0876.jpg,15091,157182
0881.jpg,0881.jpg,3440,64575
0918.jpg,0918.jpg,2715,105090
0842.jpg,0842.jpg,41503,129480
0934.jpg,0934.jpg,3201,128250
0906.jpg,0906.jpg,12906,199392
0955.jpg,0955.jpg,12509,86140
0837.jpg,0837.jpg,10815,86449
0843.jpg,0843.jpg,3643,73168
0878.jpg,0878.jpg,21354,182250
0866.jpg,0866.jpg,23259,122544
0845.jpg,0845.jpg,7703,82654
0833.jpg,0833.jpg,9785,87822
0827.jpg,0827.jpg,41116,105609
0917.jpg,0917.jpg,6692,105090
0967.jpg,0967.jpg,7616,119880
0922.jpg,0922.jpg,14531,85143
0980.jpg,0980.jpg,6420,153202
0857.jpg,0857.jpg,41823,104562
0897.jpg,0897.jpg,10732,181902
1006.jpg,1006.jpg,15261,135880
0989.jpg,0989.jpg,4735,143577
0888.jpg,0888.jpg,7344,91665
0952.jpg,0952.jpg,3663,106785
0861.jpg,0861.jpg,13282,470206
0850.jpg,0850.jpg,42432,114245
0895.jpg,0895.jpg,76859,174300
0947.jpg,0947.jpg,4928,125712
0880.jpg,0880.jpg,12092,107388
0892.jpg,0892.jpg,4101,101232
0992.jpg,0992.jpg,37720,124722
0949.jpg,0949.jpg,3167,112530
0930.jpg,0930.jpg,8453,165676
0867.jpg,0867.jpg,48480,121910
1003.jpg,1003.jpg,1060,126224
0920.jpg,0920.jpg,20507,105456
0875.jpg,0875.jpg,73753,138359
0975.jpg,0975.jpg,11585,136197
1009.jpg,1009.jpg,64354,144204
0997.jpg,0997.jpg,23502,144724
0928.jpg,0928.jpg,1634,146568
0974.jpg,0974.jpg,2293,126484
0883.jpg,0883.jpg,35032,90576
0877.jpg,0877.jpg,18920,181753
0946.jpg,0946.jpg,6921,121590
0847.jpg,0847.jpg,7376,170781
0864.jpg,0864.jpg,12843,81571
0908.jpg,0908.jpg,4241,94316
0964.jpg,0964.jpg,65562,107289
0931.jpg,0931.jpg,13393,159975
0938.jpg,0938.jpg,3205,87882
0958.jpg,0958.jpg,24764,109440
0830.jpg,0830.jpg,6548,165816
0957.jpg,0957.jpg,47097,101757
0851.jpg,0851.jpg,18303,112944
1021.jpg,1021.jpg,37844,116566
0913.jpg,0913.jpg,1902,125513
0943.jpg,0943.jpg,18574,121730
0993.jpg,0993.jpg,22057,160212
0933.jpg,0933.jpg,44686,127840
0873.jpg,0873.jpg,5264,92856
1014.jpg,1014.jpg,32283,96390
0915.jpg,0915.jpg,1683,106785
0959.jpg,0959.jpg,13588,109158
0971.jpg,0971.jpg,35785,124780
0966.jpg,0966.jpg,13516,85849
0853.jpg,0853.jpg,102136,189908
0894.jpg,0894.jpg,39728,95659
0902.jpg,0902.jpg,3820,83521
0998.jpg,0998.jpg,12102,143520
0879.jpg,0879.jpg,10630,94484
0899.jpg,0899.jpg,9012,176704
0924.jpg,0924.jpg,42477,109210
0910.jpg,0910.jpg,21824,84535
0828.jpg,0828.jpg,2688,102718
0900.jpg,0900.jpg,63365,177644
0996.jpg,0996.jpg,46424,132664
1020.jpg,1020.jpg,24138,131625
0937.jpg,0937.jpg,2472,90770
0852.jpg,0852.jpg,14641,104940
0887.jpg,0887.jpg,2466,93120
0862.jpg,0862.jpg,18889,426880
0927.jpg,0927.jpg,25000,145112
0988.jpg,0988.jpg,5425,143685
0941.jpg,0941.jpg,53289,68250
0951.jpg,0951.jpg,20291,104380
1022.jpg,1022.jpg,15653,79200
0970.jpg,0970.jpg,7301,159536
0932.jpg,0932.jpg,29045,200500
0826.jpg,0826.jpg,37742,187792
0969.jpg,0969.jpg,37331,137529
0836.jpg,0836.jpg,21671,117936
0984.jpg,0984.jpg,19864,104687
0987.jpg,0987.jpg,24116,162708
1008.jpg,1008.jpg,6439,131784
1017.jpg,1017.jpg,2178,104796
0995.jpg,0995.jpg,11270,71788
0898.jpg,0898.jpg,6304,177855
0829.jpg,0829.jpg,8385,165750
0919.jpg,0919.jpg,3156,106392
0903.jpg,0903.jpg,14006,147820
1015.jpg,1015.jpg,54275,162240
0939.jpg,0939.jpg,2674,87009
1002.jpg,1002.jpg,31046,127262
0856.jpg,0856.jpg,24194,54978
0848.jpg,0848.jpg,28279,171832
1010.jpg,1010.jpg,7802,85556
0986.jpg,0986.jpg,33861,164864
0841.jpg,0841.jpg,5791,129480
0953.jpg,0953.jpg,17090,161733
0979.jpg,0979.jpg,10985,64116
0921.jpg,0921.jpg,26129,94416
0844.jpg,0844.jpg,1700,68226
1123.jpg,1123.jpg,4175,122794
1152.jpg,1152.jpg,37189,121280
1115.jpg,1115.jpg,47576,115500
1116.jpg,1116.jpg,33257,125829
1098.jpg,1098.jpg,25636,139695
1102.jpg,1102.jpg,48673,92714
1186.jpg,1186.jpg,58314,126994
1213.jpg,1213.jpg,65931,129904
1052.jpg,1052.jpg,21225,112221
1192.jpg,1192.jpg,34749,157036
1071.jpg,1071.jpg,55232,127305
1214.jpg,1214.jpg,30313,135219
1146.jpg,1146.jpg,16779,142272
1223.jpg,1223.jpg,31126,109497
1127.jpg,1127.jpg,2526,88755
1165.jpg,1165.jpg,5950,157648
1075.jpg,1075.jpg,53572,122496
1076.jpg,1076.jpg,20813,158455
1216.jpg,1216.jpg,33891,157556
1091.jpg,1091.jpg,9432,134472
1171.jpg,1171.jpg,7228,90146
1133.jpg,1133.jpg,4795,111878
1230.jpg,1230.jpg,6482,118541
1114.jpg,1114.jpg,23714,119812
1210.jpg,1210.jpg,94075,139104
1063.jpg,1063.jpg,6222,70731
1166.jpg,1166.jpg,4022,81795
1107.jpg,1107.jpg,12536,136120
1197.jpg,1197.jpg,6060,106176
1103.jpg,1103.jpg,15919,82248
1222.jpg,1222.jpg,25130,130152
1108.jpg,1108.jpg,5485,136290
1077.jpg,1077.jpg,29520,187856
1032.jpg,1032.jpg,15108,143780
1156.jpg,1156.jpg,14527,102718
1121.jpg,1121.jpg,9469,145866
1218.jpg,1218.jpg,11303,136703
1097.jpg,1097.jpg,49667,85183
1136.jpg,1136.jpg,3121,139855
1094.jpg,1094.jpg,65853,120009
1024.jpg,1024.jpg,32410,144974
1176.jpg,1176.jpg,23762,123420
1124.jpg,1124.jpg,10473,112470
1044.jpg,1044.jpg,29921,60984
1050.jpg,1050.jpg,50907,168002
1229.jpg,1229.jpg,48901,121242
1039.jpg,1039.jpg,36459,134310
1204.jpg,1204.jpg,13173,78108
1196.jpg,1196.jpg,7587,79128
1195.jpg,1195.jpg,23187,135136
1208.jpg,1208.jpg,36258,105096
1100.jpg,1100.jpg,15503,146650
1162.jpg,1162.jpg,35167,116200
1069.jpg,1069.jpg,34897,81468
1074.jpg,1074.jpg,4822,92564
1205.jpg,1205.jpg,6605,86435
1078.jpg,1078.jpg,5859,149200
1125.jpg,1125.jpg,8845,92612
1126.jpg,1126.jpg,42563,100912
1118.jpg,1118.jpg,54502,146231
1080.jpg,1080.jpg,58834,158000
1106.jpg,1106.jpg,8250,136784
1093.jpg,1093.jpg,7482,103653
1180.jpg,1180.jpg,11459,86388
1135.jpg,1135.jpg,15390,141158
1179.jpg,1179.jpg,1649,114218
1160.jpg,1160.jpg,28637,95082
1067.jpg,1067.jpg,17557,90190
1193.jpg,1193.jpg,46730,95811
1026.jpg,1026.jpg,3636,91740
1207.jpg,1207.jpg,4148,107184
1042.jpg,1042.jpg,6490,105450
1049.jpg,1049.jpg,43484,168662
1153.jpg,1153.jpg,33878,91800
1113.jpg,1113.jpg,18291,124160
1027.jpg,1027.jpg,9815,107916
1055.jpg,1055.jpg,7153,94710
1111.jpg,1111.jpg,11352,121776
1143.jpg,1143.jpg,6736,170280
1175.jpg,1175.jpg,5056,138610
1025.jpg,1025.jpg,36512,152508
1051.jpg,1051.jpg,2987,108216
1151.jpg,1151.jpg,9656,84656
1158.jpg,1158.jpg,39880,124248
1081.jpg,1081.jpg,2111,102951
1164.jpg,1164.jpg,40964,136950
1154.jpg,1154.jpg,41661,133920
1178.jpg,1178.jpg,4715,156807
1087.jpg,1087.jpg,4413,128832
1189.jpg,1189.jpg,53322,93555
1219.jpg,1219.jpg,6881,135877
1141.jpg,1141.jpg,4720,69000
1120.jpg,1120.jpg,8090,101080
1209.jpg,1209.jpg,44793,133905
1084.jpg,1084.jpg,3504,133023
1040.jpg,1040.jpg,1640,138432
1184.jpg,1184.jpg,6812,140608
1138.jpg,1138.jpg,45570,84258
1200.jpg,1200.jpg,23970,128340
1028.jpg,1028.jpg,21328,164754
1029.jpg,1029.jpg,8519,69647
1089.jpg,1089.jpg,5001,127020
1134.jpg,1134.jpg,34155,150945
1129.jpg,1129.jpg,7452,141100
1062.jpg,1062.jpg,16043,153370
1095.jpg,1095.jpg,16451,122808
1168.jpg,1168.jpg,25616,174363
1083.jpg,1083.jpg,3433,148580
1079.jpg,1079.jpg,10705,94828
1031.jpg,1031.jpg,9645,78650
1092.jpg,1092.jpg,29978,109935
1119.jpg,1119.jpg,31183,115591
1045.jpg,1045.jpg,4534,81438
1054.jpg,1054.jpg,2699,56640
1155.jpg,1155.jpg,12112,139644
1033.jpg,1033.jpg,9534,151775
1070.jpg,1070.jpg,21618,97600
1082.jpg,1082.jpg,4167,150535
1112.jpg,1112.jpg,45604,123057
1117.jpg,1117.jpg,8860,97185
1183.jpg,1183.jpg,15238,96480
1185.jpg,1185.jpg,17665,134970
1038.jpg,1038.jpg,33590,88266
1073.jpg,1073.jpg,2584,62379
1046.jpg,1046.jpg,6618,92881
1059.jpg,1059.jpg,28727,165130
1056.jpg,1056.jpg,36858,140270
1203.jpg,1203.jpg,5567,105183
1036.jpg,1036.jpg,19131,111872
1163.jpg,1163.jpg,21734,67925
1096.jpg,1096.jpg,22133,84632
1066.jpg,1066.jpg,55021,153120
1148.jpg,1148.jpg,35358,312873
1035.jpg,1035.jpg,31312,134140
1169.jpg,1169.jpg,120894,175824
1131.jpg,1131.jpg,2172,126615
1105.jpg,1105.jpg,30918,126567
1145.jpg,1145.jpg,17626,119652
1172.jpg,1172.jpg,6410,108330
1217.jpg,1217.jpg,6459,75920
1140.jpg,1140.jpg,25666,156738
1188.jpg,1188.jpg,14299,93587
1150.jpg,1150.jpg,8494,87906
1181.jpg,1181.jpg,54675,137760
1037.jpg,1037.jpg,25869,99231
1211.jpg,1211.jpg,24996,88173
1170.jpg,1170.jpg,5762,82474
1041.jpg,1041.jpg,8547,199360
1053.jpg,1053.jpg,2488,114896
1068.jpg,1068.jpg,10195,164050
1201.jpg,1201.jpg,29445,102856
1047.jpg,1047.jpg,39710,90812
1149.jpg,1149.jpg,14068,130662
1086.jpg,1086.jpg,29455,111540
1167.jpg,1167.jpg,6700,93467
1043.jpg,1043.jpg,62534,138918
1132.jpg,1132.jpg,35541,124806
1194.jpg,1194.jpg,46812,160545
1130.jpg,1130.jpg,66444,101105
1177.jpg,1177.jpg,2320,106420
1173.jpg,1173.jpg,22083,126910
1058.jpg,1058.jpg,4191,139194
1110.jpg,1110.jpg,1056,127400
1122.jpg,1122.jpg,13460,132486
1030.jpg,1030.jpg,1273,81378
1142.jpg,1142.jpg,2964,170367
1225.jpg,1225.jpg,26839,95858
1101.jpg,1101.jpg,1354,79920
1064.jpg,1064.jpg,4038,71400
1099.jpg,1099.jpg,1053,140049
1227.jpg,1227.jpg,12451,181536
1228.jpg,1228.jpg,6468,141100
1109.jpg,1109.jpg,76120,125216
1085.jpg,1085.jpg,4642,125955
1060.jpg,1060.jpg,4153,158112
1199.jpg,1199.jpg,13649,63250
1048.jpg,1048.jpg,6784,73502
1212.jpg,1212.jpg,12844,84581
1206.jpg,1206.jpg,68944,125349
1202.jpg,1202.jpg,36207,116586
1221.jpg,1221.jpg,2944,89698
1161.jpg,1161.jpg,1452,99127
1226.jpg,1226.jpg,55911,102672
1190.jpg,1190.jpg,61207,136120
1065.jpg,1065.jpg,5579,142464
1174.jpg,1174.jpg,23383,123708
1147.jpg,1147.jpg,27397,141930
1088.jpg,1088.jpg,552,81216
1191.jpg,1191.jpg,5432,158455
1144.jpg,1144.jpg,6403,136452
1072.jpg,1072.jpg,604,124146
1139.jpg,1139.jpg,52196,156524
1104.jpg,1104.jpg,9873,78674
1224.jpg,1224.jpg,50706,100425
1220.jpg,1220.jpg,18024,85848
1057.jpg,1057.jpg,24580,140685
1061.jpg,1061.jpg,24043,148988
1198.jpg,1198.jpg,3423,104152
1215.jpg,1215.jpg,11944,137572
1182.jpg,1182.jpg,34274,120184
1157.jpg,1157.jpg,51725,160379
1090.jpg,1090.jpg,8981,109620
1159.jpg,1159.jpg,20767,83790
1128.jpg,1128.jpg,23447,55488
1034.jpg,1034.jpg,32888,82680
1137.jpg,1137.jpg,51785,141246
1187.jpg,1187.jpg,20076,85214
1261.jpg,1261.jpg,31471,147504
1359.jpg,1359.jpg,5997,110864
1318.jpg,1318.jpg,3266,135300
1473.jpg,1473.jpg,1568,107868
1278.jpg,1278.jpg,7658,120428
1375.jpg,1375.jpg,4205,131880
1400.jpg,1400.jpg,11513,106446
1369.jpg,1369.jpg,51730,169556
1403.jpg,1403.jpg,15356,125513
1479.jpg,1479.jpg,3872,93090
1232.jpg,1232.jpg,11390,121410
1231.jpg,1231.jpg,28142,148212
1436.jpg,1436.jpg,25718,115808
1374.jpg,1374.jpg,12124,128960
1447.jpg,1447.jpg,4625,110188
1471.jpg,1471.jpg,6746,97867
1420.jpg,1420.jpg,13707,170640
1432.jpg,1432.jpg,6641,145145
1408.jpg,1408.jpg,8320,129480
1283.jpg,1283.jpg,45763,160225
1271.jpg,1271.jpg,4522,137432
1431.jpg,1431.jpg,7138,141732
1402.jpg,1402.jpg,6749,113019
1462.jpg,1462.jpg,12255,106590
1355.jpg,1355.jpg,11472,88779
1290.jpg,1290.jpg,71782,128352
1410.jpg,1410.jpg,12924,83504
1309.jpg,1309.jpg,5820,112554
1478.jpg,1478.jpg,3931,177292
1240.jpg,1240.jpg,37753,129500
1243.jpg,1243.jpg,26038,186375
1465.jpg,1465.jpg,1321,89900
1241.jpg,1241.jpg,14311,141284
1389.jpg,1389.jpg,85387,138020
1476.jpg,1476.jpg,3242,110048
1233.jpg,1233.jpg,34947,122379
1411.jpg,1411.jpg,6647,146664
1370.jpg,1370.jpg,6768,108192
1248.jpg,1248.jpg,13889,159505
1251.jpg,1251.jpg,39220,124124
1282.jpg,1282.jpg,913,134550
1302.jpg,1302.jpg,7094,92070
1296.jpg,1296.jpg,57195,180304
1285.jpg,1285.jpg,88019,162153
1409.jpg,1409.jpg,17858,83121
1267.jpg,1267.jpg,15670,136530
1469.jpg,1469.jpg,3901,144708
1253.jpg,1253.jpg,47154,141024
1468.jpg,1468.jpg,3617,146276
1281.jpg,1281.jpg,16695,111492
1429.jpg,1429.jpg,7379,143764
1430.jpg,1430.jpg,4238,142569
1461.jpg,1461.jpg,17556,105930
1308.jpg,1308.jpg,40588,112209
1275.jpg,1275.jpg,42669,108864
1284.jpg,1284.jpg,60290,139490
1363.jpg,1363.jpg,33048,107675
1314.jpg,1314.jpg,33832,69000
1323.jpg,1323.jpg,30957,111222
1434.jpg,1434.jpg,8350,143206
1455.jpg,1455.jpg,31758,127500
1320.jpg,1320.jpg,1889,73710
1418.jpg,1418.jpg,10090,163241
1264.jpg,1264.jpg,2972,65095
1477.jpg,1477.jpg,4140,117306
1335.jpg,1335.jpg,47475,134808
1293.jpg,1293.jpg,3157,99450
1467.jpg,1467.jpg,2818,89996
1364.jpg,1364.jpg,77775,140529
1299.jpg,1299.jpg,9251,133650
1313.jpg,1313.jpg,16282,141312
1396.jpg,1396.jpg,1676,137088
1435.jpg,1435.jpg,15842,118829
1279.jpg,1279.jpg,20318,92510
1358.jpg,1358.jpg,39456,119009
1268.jpg,1268.jpg,60738,114821
1406.jpg,1406.jpg,19668,94284
1470.jpg,1470.jpg,7427,108498
1407.jpg,1407.jpg,14240,94608
1448.jpg,1448.jpg,4734,133575
1311.jpg,1311.jpg,5908,156815
1456.jpg,1456.jpg,36677,128557
1380.jpg,1380.jpg,4112,91728
1391.jpg,1391.jpg,21412,137015
1291.jpg,1291.jpg,68085,125235
1419.jpg,1419.jpg,18319,172334
1235.jpg,1235.jpg,33285,127908
1297.jpg,1297.jpg,70872,180642
1444.jpg,1444.jpg,4437,132020
1466.jpg,1466.jpg,1964,90770
1246.jpg,1246.jpg,31246,123760
1464.jpg,1464.jpg,2592,91374
1257.jpg,1257.jpg,25205,154000
1236.jpg,1236.jpg,17561,139120
1405.jpg,1405.jpg,12518,93732
1345.jpg,1345.jpg,40112,135219
1265.jpg,1265.jpg,6659,67850
1399.jpg,1399.jpg,7309,107702
1346.jpg,1346.jpg,4640,136290
1361.jpg,1361.jpg,30711,74820
1354.jpg,1354.jpg,29558,137196
1234.jpg,1234.jpg,7024,129688
1277.jpg,1277.jpg,25162,132788
1415.jpg,1415.jpg,11210,134136
1383.jpg,1383.jpg,35224,85705
1475.jpg,1475.jpg,3732,96696
1401.jpg,1401.jpg,5808,120080
1445.jpg,1445.jpg,4405,135630
1329.jpg,1329.jpg,10675,129456
1425.jpg,1425.jpg,11578,134561
1262.jpg,1262.jpg,35509,142617
1325.jpg,1325.jpg,3313,88236
1344.jpg,1344.jpg,12280,148928
1412.jpg,1412.jpg,53917,129239
1398.jpg,1398.jpg,18998,107146
1255.jpg,1255.jpg,10635,121200
1376.jpg,1376.jpg,47550,125488
1266.jpg,1266.jpg,12211,73914
1379.jpg,1379.jpg,7095,93572
1417.jpg,1417.jpg,14351,140080
1457.jpg,1457.jpg,2349,134970
1428.jpg,1428.jpg,17724,133104
1336.jpg,1336.jpg,5323,132753
1368.jpg,1368.jpg,5587,108810
1426.jpg,1426.jpg,11237,105400
1463.jpg,1463.jpg,5853,106893
1442.jpg,1442.jpg,6715,93886
1414.jpg,1414.jpg,12169,186400
1381.jpg,1381.jpg,14729,91123
1295.jpg,1295.jpg,30218,156695
1333.jpg,1333.jpg,6551,139025
1449.jpg,1449.jpg,4194,134865
1382.jpg,1382.jpg,35257,92022
1286.jpg,1286.jpg,13337,135379
1339.jpg,1339.jpg,1919,161070
1438.jpg,1438.jpg,3233,87535
1387.jpg,1387.jpg,19231,157842
1341.jpg,1341.jpg,3112,80512
1307.jpg,1307.jpg,21031,109760
1367.jpg,1367.jpg,8827,126480
1306.jpg,1306.jpg,29713,83780
1252.jpg,1252.jpg,67765,139128
1315.jpg,1315.jpg,40065,81066
1362.jpg,1362.jpg,7019,111078
1366.jpg,1366.jpg,14335,124722
1250.jpg,1250.jpg,61048,130923
1245.jpg,1245.jpg,20659,142476
1317.jpg,1317.jpg,727,134808
1342.jpg,1342.jpg,2259,75589
1390.jpg,1390.jpg,8023,134890
1481.jpg,1481.jpg,11408,88109
1356.jpg,1356.jpg,20276,119491
1300.jpg,1300.jpg,9442,98778
1340.jpg,1340.jpg,23246,80162
1460.jpg,1460.jpg,20303,94308
1347.jpg,1347.jpg,34545,157182
1373.jpg,1373.jpg,19700,70056
1472.jpg,1472.jpg,57679,108720
1441.jpg,1441.jpg,5984,107840
1258.jpg,1258.jpg,45034,122544
1330.jpg,1330.jpg,32085,112158
1352.jpg,1352.jpg,9423,117607
1288.jpg,1288.jpg,1186,47880
1319.jpg,1319.jpg,16940,132840
1440.jpg,1440.jpg,20306,98826
1294.jpg,1294.jpg,64844,157700
1480.jpg,1480.jpg,9169,84680
1328.jpg,1328.jpg,9070,90846
1450.jpg,1450.jpg,1749,112254
1392.jpg,1392.jpg,1756,134970
1404.jpg,1404.jpg,6598,119340
1321.jpg,1321.jpg,5707,75900
1276.jpg,1276.jpg,45881,107900
1439.jpg,1439.jpg,6696,68326
1242.jpg,1242.jpg,3440,144282
1269.jpg,1269.jpg,1432,113770
1349.jpg,1349.jpg,13139,105090
1371.jpg,1371.jpg,11277,63196
1386.jpg,1386.jpg,22946,138095
1393.jpg,1393.jpg,48819,159588
1322.jpg,1322.jpg,2975,87612
1256.jpg,1256.jpg,21581,148144
1416.jpg,1416.jpg,9848,129876
1247.jpg,1247.jpg,5548,124440
1395.jpg,1395.jpg,6616,163660
1324.jpg,1324.jpg,39562,107672
1424.jpg,1424.jpg,7704,146540
1437.jpg,1437.jpg,6447,116820
1334.jpg,1334.jpg,2227,134638
1327.jpg,1327.jpg,2982,93174
1237.jpg,1237.jpg,14022,131871
1422.jpg,1422.jpg,5469,107730
1312.jpg,1312.jpg,1176,174386
1453.jpg,1453.jpg,95746,161348
1270.jpg,1270.jpg,10802,156294
1427.jpg,1427.jpg,6693,134991
1378.jpg,1378.jpg,12033,91930
1384.jpg,1384.jpg,8143,148896
1332.jpg,1332.jpg,13717,138170
1303.jpg,1303.jpg,35356,102340
1259.jpg,1259.jpg,8281,145393
1249.jpg,1249.jpg,46361,112712
1351.jpg,1351.jpg,3350,116339
1298.jpg,1298.jpg,10673,135379
1357.jpg,1357.jpg,44222,126198
1421.jpg,1421.jpg,4750,159744
1304.jpg,1304.jpg,3815,178145
1433.jpg,1433.jpg,4322,142848
1326.jpg,1326.jpg,5525,95360
1301.jpg,1301.jpg,7759,100955
1423.jpg,1423.jpg,6231,144385
1280.jpg,1280.jpg,7438,77203
1331.jpg,1331.jpg,55178,141024
1343.jpg,1343.jpg,28647,125147
1413.jpg,1413.jpg,2631,185663
1239.jpg,1239.jpg,52335,127020
1287.jpg,1287.jpg,5798,51525
1397.jpg,1397.jpg,2993,160223
1385.jpg,1385.jpg,2382,143838
1365.jpg,1365.jpg,8534,135960
1273.jpg,1273.jpg,42427,122055
1292.jpg,1292.jpg,4619,121056
1272.jpg,1272.jpg,2354,114086
1338.jpg,1338.jpg,45315,159775
1377.jpg,1377.jpg,25244,92610
1244.jpg,1244.jpg,16760,135790
1238.jpg,1238.jpg,16248,116610
1305.jpg,1305.jpg,39105,175824
1446.jpg,1446.jpg,3251,111220
1451.jpg,1451.jpg,1716,128375
1353.jpg,1353.jpg,19962,115500
1454.jpg,1454.jpg,8324,101238
1372.jpg,1372.jpg,28572,139025
1388.jpg,1388.jpg,4903,95875
1254.jpg,1254.jpg,23065,112690
1316.jpg,1316.jpg,1281,99050
1310.jpg,1310.jpg,18360,146982
1394.jpg,1394.jpg,2477,144801
1274.jpg,1274.jpg,33242,109242
1263.jpg,1263.jpg,7675,140151
1458.jpg,1458.jpg,19567,134890
1360.jpg,1360.jpg,26329,122356
1348.jpg,1348.jpg,4179,156021
1474.jpg,1474.jpg,12564,95116
1289.jpg,1289.jpg,78097,118335
1337.jpg,1337.jpg,3769,160962
1459.jpg,1459.jpg,2300,111136
1452.jpg,1452.jpg,50315,162680
1350.jpg,1350.jpg,13181,116376
1260.jpg,1260.jpg,28652,166605
1443.jpg,1443.jpg,6236,93555
1540.jpg,1540.jpg,3539,158403
1568.jpg,1568.jpg,22558,100650
1619.jpg,1619.jpg,15382,91416
1519.jpg,1519.jpg,6927,126280
1653.jpg,1653.jpg,26632,154422
1494.jpg,1494.jpg,8613,137448
1656.jpg,1656.jpg,3617,135864
1502.jpg,1502.jpg,4383,133575
1688.jpg,1688.jpg,11807,132728
1538.jpg,1538.jpg,15260,137274
1694.jpg,1694.jpg,13668,142206
1583.jpg,1583.jpg,11828,118012
1529.jpg,1529.jpg,34799,124384
1588.jpg,1588.jpg,13954,154050
1544.jpg,1544.jpg,7744,124752
1611.jpg,1611.jpg,11092,69158
1612.jpg,1612.jpg,8106,107124
1506.jpg,1506.jpg,1643,148086
1503.jpg,1503.jpg,8049,134890
1624.jpg,1624.jpg,16000,83834
1621.jpg,1621.jpg,6386,124046
1590.jpg,1590.jpg,11763,196040
1586.jpg,1586.jpg,8736,123708
1662.jpg,1662.jpg,44235,160218
1608.jpg,1608.jpg,19449,153282
1714.jpg,1714.jpg,28603,161348
1610.jpg,1610.jpg,20234,69069
1613.jpg,1613.jpg,14116,108360
1655.jpg,1655.jpg,18173,138276
1582.jpg,1582.jpg,17538,120120
1685.jpg,1685.jpg,23931,143592
1551.jpg,1551.jpg,11509,90848
1592.jpg,1592.jpg,18344,134808
1512.jpg,1512.jpg,6227,141312
1643.jpg,1643.jpg,14413,116518
1558.jpg,1558.jpg,7909,150696
1628.jpg,1628.jpg,4902,108097
1543.jpg,1543.jpg,5034,124384
1700.jpg,1700.jpg,15605,139776
1642.jpg,1642.jpg,4417,140760
1692.jpg,1692.jpg,39984,143964
1587.jpg,1587.jpg,8789,123708
1713.jpg,1713.jpg,17299,89148
1598.jpg,1598.jpg,2387,128625
1698.jpg,1698.jpg,20880,107388
1524.jpg,1524.jpg,2751,123312
1671.jpg,1671.jpg,4087,135942
1509.jpg,1509.jpg,5555,165517
1647.jpg,1647.jpg,53832,161896
1523.jpg,1523.jpg,28587,125364
1640.jpg,1640.jpg,1653,139594
1710.jpg,1710.jpg,14112,86240
1565.jpg,1565.jpg,4660,135710
1691.jpg,1691.jpg,102849,142835
1505.jpg,1505.jpg,3079,155652
1600.jpg,1600.jpg,4567,134232
1508.jpg,1508.jpg,25635,165600
1615.jpg,1615.jpg,7194,146264
1607.jpg,1607.jpg,3903,137942
1576.jpg,1576.jpg,3913,122694
1636.jpg,1636.jpg,5902,153300
1517.jpg,1517.jpg,3277,152100
1669.jpg,1669.jpg,4024,124254
1696.jpg,1696.jpg,25867,119712
1556.jpg,1556.jpg,5791,145464
1593.jpg,1593.jpg,14537,136863
1659.jpg,1659.jpg,11423,122760
1601.jpg,1601.jpg,17566,116843
1626.jpg,1626.jpg,32579,109228
1516.jpg,1516.jpg,2137,157248
1690.jpg,1690.jpg,10361,115872
1578.jpg,1578.jpg,7554,118327
1717.jpg,1717.jpg,128281,278832
1563.jpg,1563.jpg,5016,135630
1666.jpg,1666.jpg,79738,156972
1554.jpg,1554.jpg,7150,126511
1561.jpg,1561.jpg,2049,126820
1670.jpg,1670.jpg,9875,110136
1667.jpg,1667.jpg,12390,162108
1542.jpg,1542.jpg,8772,125398
1549.jpg,1549.jpg,4057,130896
1632.jpg,1632.jpg,58226,140352
1699.jpg,1699.jpg,14395,119350
1498.jpg,1498.jpg,2709,125195
1650.jpg,1650.jpg,3354,130968
1654.jpg,1654.jpg,12566,110656
1680.jpg,1680.jpg,33842,107124
1631.jpg,1631.jpg,22977,75112
1622.jpg,1622.jpg,13725,93670
1701.jpg,1701.jpg,8966,87278
1591.jpg,1591.jpg,1064,198900
1488.jpg,1488.jpg,23078,150768
1661.jpg,1661.jpg,14294,133903
1594.jpg,1594.jpg,15664,136452
1681.jpg,1681.jpg,13944,143756
1660.jpg,1660.jpg,5223,147126
1673.jpg,1673.jpg,2393,129150
1635.jpg,1635.jpg,21016,134310
1658.jpg,1658.jpg,41852,169736
1496.jpg,1496.jpg,2601,136680
1634.jpg,1634.jpg,15199,133660
1515.jpg,1515.jpg,1788,131138
1532.jpg,1532.jpg,5497,180184
1531.jpg,1531.jpg,6896,177242
1527.jpg,1527.jpg,43974,122740
1589.jpg,1589.jpg,14086,175775
1606.jpg,1606.jpg,8978,76986
1541.jpg,1541.jpg,12089,127875
1633.jpg,1633.jpg,59824,162184
1702.jpg,1702.jpg,4412,111848
1609.jpg,1609.jpg,20038,71990
1657.jpg,1657.jpg,36596,143244
1575.jpg,1575.jpg,5957,120684
1651.jpg,1651.jpg,39081,126791
1676.jpg,1676.jpg,9352,87300
1644.jpg,1644.jpg,55552,170562
1686.jpg,1686.jpg,68012,105030
1704.jpg,1704.jpg,45679,160244
1645.jpg,1645.jpg,48960,123342
1617.jpg,1617.jpg,6638,136863
1707.jpg,1707.jpg,76794,140244
1684.jpg,1684.jpg,17293,123786
1718.jpg,1718.jpg,27648,101618
1530.jpg,1530.jpg,18231,110840
1571.jpg,1571.jpg,7332,133089
1639.jpg,1639.jpg,17151,86136
1687.jpg,1687.jpg,38916,132300
1497.jpg,1497.jpg,2756,124440
1487.jpg,1487.jpg,37246,189914
1513.jpg,1513.jpg,4036,88396
1649.jpg,1649.jpg,39264,149604
1485.jpg,1485.jpg,16034,162966
1490.jpg,1490.jpg,17081,121737
1501.jpg,1501.jpg,2364,148992
1614.jpg,1614.jpg,5404,107388
1570.jpg,1570.jpg,9016,159185
1553.jpg,1553.jpg,3456,125060
1579.jpg,1579.jpg,4105,120309
1573.jpg,1573.jpg,8633,133334
1547.jpg,1547.jpg,30378,159598
1693.jpg,1693.jpg,3977,158410
1603.jpg,1603.jpg,16683,137760
1555.jpg,1555.jpg,7267,121410
1483.jpg,1483.jpg,3685,200838
1566.jpg,1566.jpg,34772,183360
1557.jpg,1557.jpg,4568,153965
1682.jpg,1682.jpg,78813,164920
1711.jpg,1711.jpg,83973,127566
1595.jpg,1595.jpg,18826,160765
1623.jpg,1623.jpg,21514,108996
1574.jpg,1574.jpg,3653,133334
1522.jpg,1522.jpg,2041,134653
1716.jpg,1716.jpg,9896,160140
1567.jpg,1567.jpg,968,133250
1585.jpg,1585.jpg,42595,120032
1683.jpg,1683.jpg,6078,152958
1665.jpg,1665.jpg,11343,121094
1520.jpg,1520.jpg,6924,124150
1646.jpg,1646.jpg,8778,157320
1679.jpg,1679.jpg,22441,175149
1560.jpg,1560.jpg,8895,176460
1596.jpg,1596.jpg,1906,159176
1637.jpg,1637.jpg,31240,151466
1564.jpg,1564.jpg,21651,138096
1703.jpg,1703.jpg,8332,109074
1697.jpg,1697.jpg,42496,182410
1499.jpg,1499.jpg,10985,122018
1678.jpg,1678.jpg,45944,168662
1715.jpg,1715.jpg,7015,149612
1546.jpg,1546.jpg,13239,134890
1630.jpg,1630.jpg,12200,84488
1709.jpg,1709.jpg,139188,643200
1491.jpg,1491.jpg,19956,158976
1482.jpg,1482.jpg,5321,90457
1629.jpg,1629.jpg,5346,100104
1526.jpg,1526.jpg,7291,124440
1492.jpg,1492.jpg,18698,154011
1638.jpg,1638.jpg,63619,170280
1625.jpg,1625.jpg,1577,94866
1521.jpg,1521.jpg,3438,176646
1602.jpg,1602.jpg,23387,104596
1672.jpg,1672.jpg,10905,79764
1620.jpg,1620.jpg,5393,140904
1535.jpg,1535.jpg,3502,165501
1525.jpg,1525.jpg,20801,124046
1545.jpg,1545.jpg,3416,141276
1504.jpg,1504.jpg,10623,138756
1562.jpg,1562.jpg,2437,107700
1641.jpg,1641.jpg,1207,129682
1533.jpg,1533.jpg,3722,163170
1708.jpg,1708.jpg,2544,123840
1486.jpg,1486.jpg,18126,156372
1705.jpg,1705.jpg,8267,179190
1663.jpg,1663.jpg,10101,105710
1605.jpg,1605.jpg,4938,157920
1510.jpg,1510.jpg,8111,195408
1652.jpg,1652.jpg,40036,120908
1493.jpg,1493.jpg,13315,135630
1616.jpg,1616.jpg,7430,144690
1604.jpg,1604.jpg,7826,95734
1706.jpg,1706.jpg,18748,118961
1572.jpg,1572.jpg,13008,133824
1674.jpg,1674.jpg,9253,78897
1648.jpg,1648.jpg,25648,158179
1627.jpg,1627.jpg,25999,106182
1668.jpg,1668.jpg,48899,135300
1552.jpg,1552.jpg,9771,125514
1695.jpg,1695.jpg,15682,139400
1536.jpg,1536.jpg,2717,163680
1548.jpg,1548.jpg,6053,159185
1507.jpg,1507.jpg,5652,169342
1712.jpg,1712.jpg,39006,67555
1569.jpg,1569.jpg,12724,103272
1584.jpg,1584.jpg,9994,114708
1514.jpg,1514.jpg,16135,86674
1518.jpg,1518.jpg,9916,136320
1597.jpg,1597.jpg,13707,121296
1689.jpg,1689.jpg,14376,124745
1559.jpg,1559.jpg,9243,172678
1550.jpg,1550.jpg,8985,129833
1664.jpg,1664.jpg,34856,121110
1599.jpg,1599.jpg,12122,125398
1489.jpg,1489.jpg,1216,162190
1534.jpg,1534.jpg,25353,164008
1495.jpg,1495.jpg,3862,122718
1500.jpg,1500.jpg,2320,171644
1484.jpg,1484.jpg,16612,156312
1618.jpg,1618.jpg,6026,85550
1511.jpg,1511.jpg,6096,141642
1537.jpg,1537.jpg,10639,157450
1528.jpg,1528.jpg,55709,124146
1677.jpg,1677.jpg,48969,186872
1675.jpg,1675.jpg,4417,83520
1580.jpg,1580.jpg,25787,115752
1539.jpg,1539.jpg,744,107415
1581.jpg,1581.jpg,29558,119355
1577.jpg,1577.jpg,4625,118660
1850.jpg,1850.jpg,1080,83808
1800.jpg,1800.jpg,79227,138432
1892.jpg,1892.jpg,71453,594918
1907.jpg,1907.jpg,3664,101099
1917.jpg,1917.jpg,4203,124533
1781.jpg,1781.jpg,12001,139360
1733.jpg,1733.jpg,43781,136120
1938.jpg,1938.jpg,4277,134970
1816.jpg,1816.jpg,41718,99081
1813.jpg,1813.jpg,40466,149396
1903.jpg,1903.jpg,1614,137196
1796.jpg,1796.jpg,78839,109552
1793.jpg,1793.jpg,5962,138240
1873.jpg,1873.jpg,11334,133980
1726.jpg,1726.jpg,2768,194732
1776.jpg,1776.jpg,40306,97644
1954.jpg,1954.jpg,2614,144976
1913.jpg,1913.jpg,13454,99330
1809.jpg,1809.jpg,59121,161020
1946.jpg,1946.jpg,9678,78925
1846.jpg,1846.jpg,53731,130368
1812.jpg,1812.jpg,30915,160816
1930.jpg,1930.jpg,26491,167028
1844.jpg,1844.jpg,48297,109552
1928.jpg,1928.jpg,23867,158148
1957.jpg,1957.jpg,23957,105608
1877.jpg,1877.jpg,34544,93520
1736.jpg,1736.jpg,13729,126440
1732.jpg,1732.jpg,4560,120085
1926.jpg,1926.jpg,3309,106420
1760.jpg,1760.jpg,60866,159712
1949.jpg,1949.jpg,28313,137365
1940.jpg,1940.jpg,5947,133660
1747.jpg,1747.jpg,38303,94360
1861.jpg,1861.jpg,8502,107250
1720.jpg,1720.jpg,27035,125538
1761.jpg,1761.jpg,52890,138516
1785.jpg,1785.jpg,12300,136485
1936.jpg,1936.jpg,25880,141728
1783.jpg,1783.jpg,13224,142197
1889.jpg,1889.jpg,17047,65964
1784.jpg,1784.jpg,101446,164736
1765.jpg,1765.jpg,37167,87780
1848.jpg,1848.jpg,2616,87000
1745.jpg,1745.jpg,27067,128685
1722.jpg,1722.jpg,39690,119852
1919.jpg,1919.jpg,27611,138844
1811.jpg,1811.jpg,24546,140868
1849.jpg,1849.jpg,5168,82919
1860.jpg,1860.jpg,8162,115797
1927.jpg,1927.jpg,6377,109495
1826.jpg,1826.jpg,20626,157824
1886.jpg,1886.jpg,4093,94805
1867.jpg,1867.jpg,45864,143172
1856.jpg,1856.jpg,34000,148131
1908.jpg,1908.jpg,43102,137116
1920.jpg,1920.jpg,7947,88374
1831.jpg,1831.jpg,5887,134397
1807.jpg,1807.jpg,18812,105794
1852.jpg,1852.jpg,27675,100100
1866.jpg,1866.jpg,25629,143954
1758.jpg,1758.jpg,8795,137760
1774.jpg,1774.jpg,31392,127193
1897.jpg,1897.jpg,18911,133380
1798.jpg,1798.jpg,20550,90750
1922.jpg,1922.jpg,7323,170280
1754.jpg,1754.jpg,16562,68973
1804.jpg,1804.jpg,35265,73227
1727.jpg,1727.jpg,2655,134808
1759.jpg,1759.jpg,54353,156527
1829.jpg,1829.jpg,17906,125563
1832.jpg,1832.jpg,6135,108528
1790.jpg,1790.jpg,161343,538164
1766.jpg,1766.jpg,43988,163611
1935.jpg,1935.jpg,31635,156456
1942.jpg,1942.jpg,25653,90090
1742.jpg,1742.jpg,53184,159418
1895.jpg,1895.jpg,25903,113544
1792.jpg,1792.jpg,6636,132606
1819.jpg,1819.jpg,80529,159444
1740.jpg,1740.jpg,71559,131655
1791.jpg,1791.jpg,9278,101738
1797.jpg,1797.jpg,7009,108568
1782.jpg,1782.jpg,2700,107503
1824.jpg,1824.jpg,7839,158235
1725.jpg,1725.jpg,605,177708
1789.jpg,1789.jpg,33599,133250
1777.jpg,1777.jpg,4577,100548
1855.jpg,1855.jpg,30164,126868
1956.jpg,1956.jpg,23429,82895
1803.jpg,1803.jpg,19014,123442
1801.jpg,1801.jpg,13859,137862
1876.jpg,1876.jpg,24110,135630
1743.jpg,1743.jpg,28105,157680
1764.jpg,1764.jpg,14463,79132
1894.jpg,1894.jpg,20584,124384
1770.jpg,1770.jpg,27080,147465
1756.jpg,1756.jpg,96449,135632
1799.jpg,1799.jpg,7031,76824
1751.jpg,1751.jpg,18917,99735
1896.jpg,1896.jpg,104872,706116
1921.jpg,1921.jpg,20980,90228
1840.jpg,1840.jpg,35927,136863
1823.jpg,1823.jpg,59213,122304
1915.jpg,1915.jpg,3194,141100
1887.jpg,1887.jpg,37727,81496
1738.jpg,1738.jpg,8554,144320
1728.jpg,1728.jpg,19038,135630
1862.jpg,1862.jpg,2372,102391
1868.jpg,1868.jpg,93839,133496
1885.jpg,1885.jpg,2199,123804
1750.jpg,1750.jpg,22940,106666
1778.jpg,1778.jpg,70327,148570
1817.jpg,1817.jpg,915,110105
1872.jpg,1872.jpg,22693,112993
1805.jpg,1805.jpg,33417,124852
1912.jpg,1912.jpg,31402,137608
1898.jpg,1898.jpg,5990,71577
1828.jpg,1828.jpg,20509,143172
1880.jpg,1880.jpg,90780,624334
1905.jpg,1905.jpg,43134,119000
1909.jpg,1909.jpg,14681,134152
1780.jpg,1780.jpg,9632,138768
1833.jpg,1833.jpg,49404,135630
1865.jpg,1865.jpg,23408,115591
1835.jpg,1835.jpg,38043,141752
1939.jpg,1939.jpg,31496,133496
1762.jpg,1762.jpg,75140,131922
1883.jpg,1883.jpg,26894,140866
1901.jpg,1901.jpg,3863,67744
1731.jpg,1731.jpg,6042,116388
1857.jpg,1857.jpg,31743,128538
1749.jpg,1749.jpg,5144,160290
1882.jpg,1882.jpg,24750,114240
1729.jpg,1729.jpg,14300,141168
1932.jpg,1932.jpg,9664,126711
1775.jpg,1775.jpg,44610,126170
1845.jpg,1845.jpg,18312,106572
1724.jpg,1724.jpg,9192,133334
1843.jpg,1843.jpg,59804,120336
1741.jpg,1741.jpg,6016,187746
1744.jpg,1744.jpg,17179,162564
1854.jpg,1854.jpg,48063,161408
1827.jpg,1827.jpg,30743,91613
1924.jpg,1924.jpg,33542,93786
1818.jpg,1818.jpg,52289,119720
1893.jpg,1893.jpg,28333,120960
1875.jpg,1875.jpg,24509,135877
1858.jpg,1858.jpg,12252,111360
1746.jpg,1746.jpg,35032,133920
1847.jpg,1847.jpg,39903,89102
1906.jpg,1906.jpg,14229,99520
1952.jpg,1952.jpg,57063,132435
1830.jpg,1830.jpg,33091,123900
1934.jpg,1934.jpg,37583,158112
1910.jpg,1910.jpg,16576,133250
1945.jpg,1945.jpg,67146,121362
1902.jpg,1902.jpg,48217,141860
1916.jpg,1916.jpg,58357,161435
1933.jpg,1933.jpg,3279,113904
0000.jpg,0000.jpg,14634,126228
0001.jpg,0001.jpg,40823,324684
0002.jpg,0002.jpg,13384,90432
0129.jpg,0129.jpg,58481,105610
0061.jpg,0061.jpg,108645,305660
0162.jpg,0162.jpg,9491,91902
0222.jpg,0222.jpg,7865,99360
0047.jpg,0047.jpg,13452,75308
0133.jpg,0133.jpg,3413,103976
0172.jpg,0172.jpg,32117,105294
0141.jpg,0141.jpg,32694,82890
0213.jpg,0213.jpg,5849,187980
0136.jpg,0136.jpg,46516,120960
0008.jpg,0008.jpg,7558,125430
0166.jpg,0166.jpg,40556,76953
0164.jpg,0164.jpg,37125,139740
0221.jpg,0221.jpg,20411,91584
0142.jpg,0142.jpg,21390,58794
0188.jpg,0188.jpg,9284,66528
0151.jpg,0151.jpg,23545,101738
0089.jpg,0089.jpg,16406,162009
0198.jpg,0198.jpg,59009,171312
0055.jpg,0055.jpg,4428,114000
0070.jpg,0070.jpg,29014,170004
0161.jpg,0161.jpg,21945,93058
0145.jpg,0145.jpg,18456,117633
0106.jpg,0106.jpg,13614,95284
0175.jpg,0175.jpg,17364,110834
0156.jpg,0156.jpg,143923,266430
0007.jpg,0007.jpg,25676,180588
0170.jpg,0170.jpg,22985,91770
0139.jpg,0139.jpg,50514,122840
0160.jpg,0160.jpg,50561,224455
0027.jpg,0027.jpg,23227,92160
0117.jpg,0117.jpg,62034,163625
0020.jpg,0020.jpg,52088,124488
0130.jpg,0130.jpg,46872,88944
0154.jpg,0154.jpg,39125,78120
0105.jpg,0105.jpg,29282,91692
0111.jpg,0111.jpg,63992,104304
0031.jpg,0031.jpg,22431,125364
0190.jpg,0190.jpg,3375,90118
0138.jpg,0138.jpg,5786,106446
0015.jpg,0015.jpg,9857,78385
0210.jpg,0210.jpg,34881,93636
0194.jpg,0194.jpg,29073,99029
0051.jpg,0051.jpg,8961,142820
0159.jpg,0159.jpg,10017,114144
0030.jpg,0030.jpg,3975,126447
0088.jpg,0088.jpg,60525,143605
0195.jpg,0195.jpg,23820,140712
0174.jpg,0174.jpg,15584,109989
0075.jpg,0075.jpg,20049,79240
0080.jpg,0080.jpg,1744,89012
0189.jpg,0189.jpg,53327,92701
0050.jpg,0050.jpg,2168,142104
0131.jpg,0131.jpg,31170,91956
0185.jpg,0185.jpg,15709,121716
0135.jpg,0135.jpg,13597,79395
0058.jpg,0058.jpg,39399,99224
0148.jpg,0148.jpg,2621,92415
0181.jpg,0181.jpg,80831,317220
0018.jpg,0018.jpg,34151,90720
0123.jpg,0123.jpg,7613,75852
0113.jpg,0113.jpg,7564,126140
0048.jpg,0048.jpg,45406,69174
0199.jpg,0199.jpg,13508,168777
0038.jpg,0038.jpg,45594,69376
0128.jpg,0128.jpg,55428,111888
0202.jpg,0202.jpg,10893,86411
0208.jpg,0208.jpg,93693,173763
0125.jpg,0125.jpg,37170,131454
0152.jpg,0152.jpg,20103,124830
0218.jpg,0218.jpg,10559,101238
0216.jpg,0216.jpg,24319,120890
0147.jpg,0147.jpg,38381,82082
0013.jpg,0013.jpg,8802,67077
0081.jpg,0081.jpg,33301,91035
0097.jpg,0097.jpg,11123,75844
0092.jpg,0092.jpg,33747,97869
0049.jpg,0049.jpg,3984,162260
0021.jpg,0021.jpg,1351,82656
0153.jpg,0153.jpg,2253,122740
0093.jpg,0093.jpg,30549,135736
0024.jpg,0024.jpg,65209,159197
0091.jpg,0091.jpg,40490,99712
0009.jpg,0009.jpg,11758,125736
0100.jpg,0100.jpg,71386,107910
0205.jpg,0205.jpg,21710,84672
0040.jpg,0040.jpg,7135,102648
0084.jpg,0084.jpg,5818,120505
0109.jpg,0109.jpg,17765,78477
0165.jpg,0165.jpg,27488,131528
0217.jpg,0217.jpg,2567,119880
0036.jpg,0036.jpg,94805,297070
0096.jpg,0096.jpg,16845,78078
0072.jpg,0072.jpg,8527,143190
0014.jpg,0014.jpg,29884,86095
0079.jpg,0079.jpg,12706,92160
0037.jpg,0037.jpg,47075,123872
0033.jpg,0033.jpg,7960,81508
0090.jpg,0090.jpg,15964,70840
0107.jpg,0107.jpg,34244,314340
0178.jpg,0178.jpg,5378,117868
0043.jpg,0043.jpg,12961,108300
0219.jpg,0219.jpg,18600,57498
0035.jpg,0035.jpg,66340,92736
0121.jpg,0121.jpg,40648,133334
0180.jpg,0180.jpg,59208,336117
0064.jpg,0064.jpg,28493,99710
0211.jpg,0211.jpg,44534,94575
0163.jpg,0163.jpg,58644,92584
0207.jpg,0207.jpg,2548,73200
0158.jpg,0158.jpg,129639,268785
0067.jpg,0067.jpg,2206,122331
0077.jpg,0077.jpg,2578,83570
0028.jpg,0028.jpg,25985,78897
0056.jpg,0056.jpg,83563,110400
0127.jpg,0127.jpg,10089,75735
0215.jpg,0215.jpg,14042,120576
0086.jpg,0086.jpg,72100,166870
0115.jpg,0115.jpg,59904,156025
0204.jpg,0204.jpg,20383,86112
0083.jpg,0083.jpg,1687,122223
0045.jpg,0045.jpg,58286,110700
0177.jpg,0177.jpg,6857,118400
0108.jpg,0108.jpg,26214,134640
0060.jpg,0060.jpg,52526,168952
0010.jpg,0010.jpg,15604,125027
0167.jpg,0167.jpg,57169,100650
0197.jpg,0197.jpg,11270,168980
0182.jpg,0182.jpg,15306,83780
0146.jpg,0146.jpg,43173,82845
0046.jpg,0046.jpg,1808,74712
0134.jpg,0134.jpg,4399,143058
0120.jpg,0120.jpg,2042,135124
0124.jpg,0124.jpg,2740,101000
0184.jpg,0184.jpg,8827,111592
0114.jpg,0114.jpg,30739,64922
0022.jpg,0022.jpg,4953,91688
0150.jpg,0150.jpg,25048,126962
0203.jpg,0203.jpg,22607,135864
0032.jpg,0032.jpg,2405,159192
0209.jpg,0209.jpg,66132,182672
0149.jpg,0149.jpg,23884,122304
0076.jpg,0076.jpg,56686,102762
0029.jpg,0029.jpg,5228,126375
0066.jpg,0066.jpg,4074,121296
0006.jpg,0006.jpg,2683,135486
0017.jpg,0017.jpg,1142,111600
0126.jpg,0126.jpg,6747,80325
0155.jpg,0155.jpg,45564,386022
0095.jpg,0095.jpg,22867,76440
0042.jpg,0042.jpg,8969,124500
0220.jpg,0220.jpg,2131,111568
0059.jpg,0059.jpg,8359,161850
0137.jpg,0137.jpg,24572,166762
0193.jpg,0193.jpg,31843,88184
0116.jpg,0116.jpg,35917,89392
0087.jpg,0087.jpg,70432,141732
0034.jpg,0034.jpg,60997,87756
0074.jpg,0074.jpg,1137,75294
0168.jpg,0168.jpg,30353,124074
0016.jpg,0016.jpg,48805,113019
0119.jpg,0119.jpg,63193,330993
0183.jpg,0183.jpg,25727,85200
0201.jpg,0201.jpg,45317,81104
0143.jpg,0143.jpg,10427,94233
0102.jpg,0102.jpg,28210,123396
0082.jpg,0082.jpg,4454,121352
0122.jpg,0122.jpg,25094,136452
0005.jpg,0005.jpg,3535,96922
0052.jpg,0052.jpg,69052,143336
0073.jpg,0073.jpg,98545,154840
0085.jpg,0085.jpg,91543,165517
0039.jpg,0039.jpg,25499,89460
0191.jpg,0191.jpg,11674,71020
0212.jpg,0212.jpg,5703,151360
0103.jpg,0103.jpg,43148,125349
0099.jpg,0099.jpg,15530,143560
0214.jpg,0214.jpg,2126,118872
0157.jpg,0157.jpg,75905,265090
0065.jpg,0065.jpg,46801,121968
0054.jpg,0054.jpg,41584,124000
0179.jpg,0179.jpg,58874,140970
0062.jpg,0062.jpg,17331,298272
0063.jpg,0063.jpg,23728,99522
0069.jpg,0069.jpg,37284,94848
0068.jpg,0068.jpg,23166,99990
0112.jpg,0112.jpg,37358,125800
0019.jpg,0019.jpg,4778,91191
0104.jpg,0104.jpg,29242,107584
0200.jpg,0200.jpg,39507,86718
0171.jpg,0171.jpg,6617,92625
0176.jpg,0176.jpg,20230,83232
0098.jpg,0098.jpg,34996,131967
0011.jpg,0011.jpg,1681,74772
0025.jpg,0025.jpg,40213,104490
0173.jpg,0173.jpg,19295,105609
0023.jpg,0023.jpg,9541,93562
0196.jpg,0196.jpg,86054,169950
0004.jpg,0004.jpg,2219,103041
0144.jpg,0144.jpg,3906,134594
0012.jpg,0012.jpg,669,112948
0053.jpg,0053.jpg,42847,143440
0078.jpg,0078.jpg,53554,92988
0057.jpg,0057.jpg,29776,105930
0206.jpg,0206.jpg,6407,72828
0169.jpg,0169.jpg,5814,147356
0186.jpg,0186.jpg,12306,125296
0192.jpg,0192.jpg,51558,95004
0140.jpg,0140.jpg,34676,121878
0118.jpg,0118.jpg,30842,125286
0132.jpg,0132.jpg,4307,106904
0041.jpg,0041.jpg,29456,100152
0101.jpg,0101.jpg,72076,106602
0003.jpg,0003.jpg,9627,115381
0026.jpg,0026.jpg,50283,99057
0110.jpg,0110.jpg,13822,49725
0187.jpg,0187.jpg,2387,123606
0071.jpg,0071.jpg,63650,168633
0094.jpg,0094.jpg,12762,95424
0044.jpg,0044.jpg,20968,109686
0323.jpg,0323.jpg,3704,182286
0391.jpg,0391.jpg,6156,127305
0282.jpg,0282.jpg,30496,157994
0416.jpg,0416.jpg,9380,115920
0331.jpg,0331.jpg,16078,143262
0250.jpg,0250.jpg,18031,106088
0360.jpg,0360.jpg,38821,86900
0284.jpg,0284.jpg,8121,107457
0352.jpg,0352.jpg,13671,107100
0239.jpg,0239.jpg,40163,104832
0300.jpg,0300.jpg,57878,105105
0381.jpg,0381.jpg,14574,151450
0299.jpg,0299.jpg,14043,102644
0366.jpg,0366.jpg,7080,64736
0301.jpg,0301.jpg,1663,126442
0350.jpg,0350.jpg,52120,136112
0426.jpg,0426.jpg,10623,133168
0367.jpg,0367.jpg,34534,68019
0374.jpg,0374.jpg,10658,81176
0401.jpg,0401.jpg,5049,89365
0403.jpg,0403.jpg,4333,63920
0232.jpg,0232.jpg,21353,133284
0288.jpg,0288.jpg,6776,91584
0379.jpg,0379.jpg,3788,85273
0405.jpg,0405.jpg,6819,93572
0269.jpg,0269.jpg,17749,93620
0268.jpg,0268.jpg,11662,73593
0418.jpg,0418.jpg,9873,113176
0293.jpg,0293.jpg,9830,156009
0389.jpg,0389.jpg,11762,92736
0246.jpg,0246.jpg,7386,119556
0229.jpg,0229.jpg,16885,108625
0311.jpg,0311.jpg,10300,110166
0353.jpg,0353.jpg,4303,125832
0422.jpg,0422.jpg,974,90746
0262.jpg,0262.jpg,81174,164512
0421.jpg,0421.jpg,34603,121242
0275.jpg,0275.jpg,43292,170307
0306.jpg,0306.jpg,24817,99552
0400.jpg,0400.jpg,2543,105740
0261.jpg,0261.jpg,11294,154822
0233.jpg,0233.jpg,45035,101260
0351.jpg,0351.jpg,9611,106760
0347.jpg,0347.jpg,18292,103032
0419.jpg,0419.jpg,848,126630
0259.jpg,0259.jpg,15901,131625
0264.jpg,0264.jpg,13154,131931
0375.jpg,0375.jpg,8699,76452
0415.jpg,0415.jpg,26471,81872
0371.jpg,0371.jpg,4378,102163
0278.jpg,0278.jpg,44333,125200
0339.jpg,0339.jpg,39388,155220
0420.jpg,0420.jpg,35358,126592
0292.jpg,0292.jpg,8037,155618
0244.jpg,0244.jpg,24429,128781
0425.jpg,0425.jpg,3865,138096
0273.jpg,0273.jpg,15893,109989
0408.jpg,0408.jpg,19988,119427
0267.jpg,0267.jpg,654,138975
0277.jpg,0277.jpg,41129,125826
0386.jpg,0386.jpg,4649,124548
0406.jpg,0406.jpg,2684,76629
0236.jpg,0236.jpg,13162,105429
0241.jpg,0241.jpg,44710,78153
0271.jpg,0271.jpg,29055,86720
0385.jpg,0385.jpg,6170,127140
0356.jpg,0356.jpg,15494,125430
0342.jpg,0342.jpg,20370,89544
0327.jpg,0327.jpg,38212,110208
0369.jpg,0369.jpg,23117,92800
0303.jpg,0303.jpg,27054,148176
0274.jpg,0274.jpg,22242,93000
0242.jpg,0242.jpg,3649,76845
0380.jpg,0380.jpg,20570,169632
0294.jpg,0294.jpg,21995,140238
0279.jpg,0279.jpg,20659,132848
0309.jpg,0309.jpg,9870,87920
0234.jpg,0234.jpg,41232,96942
0302.jpg,0302.jpg,20785,110980
0411.jpg,0411.jpg,21044,88109
0394.jpg,0394.jpg,5295,133728
0414.jpg,0414.jpg,5541,90520
0291.jpg,0291.jpg,8263,48564
0281.jpg,0281.jpg,45437,153655
0410.jpg,0410.jpg,9718,113208
0285.jpg,0285.jpg,10468,105600
0254.jpg,0254.jpg,32943,63450
0228.jpg,0228.jpg,55318,177856
0248.jpg,0248.jpg,76203,127596
0243.jpg,0243.jpg,7894,130177
0283.jpg,0283.jpg,8377,100800
0383.jpg,0383.jpg,4748,179928
0357.jpg,0357.jpg,34473,126170
0325.jpg,0325.jpg,7198,108240
0322.jpg,0322.jpg,6038,161505
0316.jpg,0316.jpg,34478,130536
0312.jpg,0312.jpg,11987,91808
0429.jpg,0429.jpg,31463,92191
0370.jpg,0370.jpg,3874,154056
0413.jpg,0413.jpg,8622,63072
0373.jpg,0373.jpg,21120,87920
0390.jpg,0390.jpg,7868,82088
0424.jpg,0424.jpg,3562,75522
0255.jpg,0255.jpg,44751,166175
0344.jpg,0344.jpg,27626,123760
0235.jpg,0235.jpg,8410,125829
0307.jpg,0307.jpg,16502,100464
0317.jpg,0317.jpg,67205,127981
0297.jpg,0297.jpg,8613,141722
0290.jpg,0290.jpg,7260,126048
0265.jpg,0265.jpg,54236,113932
0270.jpg,0270.jpg,26232,84048
0337.jpg,0337.jpg,4048,134970
0257.jpg,0257.jpg,43231,103704
0245.jpg,0245.jpg,25873,131250
0240.jpg,0240.jpg,34907,78447
0427.jpg,0427.jpg,11444,109136
0341.jpg,0341.jpg,24909,119460
0349.jpg,0349.jpg,39338,133856
0287.jpg,0287.jpg,2577,86541
0358.jpg,0358.jpg,29963,124440
0318.jpg,0318.jpg,31699,129258
0315.jpg,0315.jpg,2907,137157
0377.jpg,0377.jpg,27493,127125
0326.jpg,0326.jpg,56533,108896
0329.jpg,0329.jpg,4868,90350
0363.jpg,0363.jpg,3344,120990
0249.jpg,0249.jpg,6478,156980
0372.jpg,0372.jpg,5937,96748
0333.jpg,0333.jpg,1839,78994
0314.jpg,0314.jpg,14397,107730
0328.jpg,0328.jpg,19467,98854
0252.jpg,0252.jpg,42338,108228
0340.jpg,0340.jpg,1819,114144
0305.jpg,0305.jpg,9833,92040
0382.jpg,0382.jpg,8889,183168
0384.jpg,0384.jpg,2259,127585
0296.jpg,0296.jpg,3150,140600
0230.jpg,0230.jpg,17331,90168
0253.jpg,0253.jpg,64571,120645
0355.jpg,0355.jpg,6573,117986
0276.jpg,0276.jpg,68509,168844
0404.jpg,0404.jpg,3016,92380
0266.jpg,0266.jpg,63446,119948
0396.jpg,0396.jpg,11365,167321
0428.jpg,0428.jpg,2240,82070
0304.jpg,0304.jpg,3105,72048
0310.jpg,0310.jpg,8376,94128
0320.jpg,0320.jpg,2260,74790
0361.jpg,0361.jpg,11238,119566
0407.jpg,0407.jpg,8264,77140
0286.jpg,0286.jpg,16818,91840
0395.jpg,0395.jpg,3450,138159
0362.jpg,0362.jpg,17518,107952
0237.jpg,0237.jpg,7199,108800
0364.jpg,0364.jpg,34921,120009
0295.jpg,0295.jpg,15938,139851
0260.jpg,0260.jpg,9544,157600
0280.jpg,0280.jpg,50841,99324
0393.jpg,0393.jpg,19393,101386
0238.jpg,0238.jpg,21481,123702
0247.jpg,0247.jpg,12089,126170
0324.jpg,0324.jpg,3415,111210
0223.jpg,0223.jpg,17729,82288
0231.jpg,0231.jpg,52025,97200
0397.jpg,0397.jpg,14107,76755
0298.jpg,0298.jpg,1806,110772
0334.jpg,0334.jpg,30293,158000
0319.jpg,0319.jpg,3537,78624
0412.jpg,0412.jpg,21366,70218
0417.jpg,0417.jpg,1439,70148
0387.jpg,0387.jpg,17953,109272
0409.jpg,0409.jpg,9633,118664
0330.jpg,0330.jpg,2527,62640
0378.jpg,0378.jpg,2118,155227
0332.jpg,0332.jpg,22123,144364
0225.jpg,0225.jpg,4720,103929
0263.jpg,0263.jpg,56185,164124
0321.jpg,0321.jpg,9433,71010
0258.jpg,0258.jpg,32732,107780
0345.jpg,0345.jpg,48819,124780
0388.jpg,0388.jpg,39642,105840
0348.jpg,0348.jpg,52928,103032
0399.jpg,0399.jpg,44972,104496
0359.jpg,0359.jpg,39636,91584
0392.jpg,0392.jpg,23376,97656
0398.jpg,0398.jpg,2359,74538
0289.jpg,0289.jpg,11558,76104
0226.jpg,0226.jpg,43528,93258
0335.jpg,0335.jpg,5614,151312
0227.jpg,0227.jpg,5233,175671
0224.jpg,0224.jpg,16893,83754
0256.jpg,0256.jpg,27018,106856
0376.jpg,0376.jpg,8312,129580
0343.jpg,0343.jpg,47301,86700
0272.jpg,0272.jpg,4024,82350
0338.jpg,0338.jpg,13860,156414
0308.jpg,0308.jpg,29695,101361
0251.jpg,0251.jpg,27697,101598
0402.jpg,0402.jpg,34170,86400
0354.jpg,0354.jpg,11785,86718
0368.jpg,0368.jpg,25432,88396
0365.jpg,0365.jpg,23723,70161
0313.jpg,0313.jpg,1672,86800
0423.jpg,0423.jpg,7209,91665
0346.jpg,0346.jpg,22659,105270
0336.jpg,0336.jpg,4204,138242
0464.jpg,0464.jpg,51111,108240
0492.jpg,0492.jpg,31840,74556
0456.jpg,0456.jpg,4736,90922
0440.jpg,0440.jpg,3504,89232
0527.jpg,0527.jpg,2137,206896
0437.jpg,0437.jpg,79642,332856
0508.jpg,0508.jpg,48371,121910
0522.jpg,0522.jpg,18573,210396
0605.jpg,0605.jpg,4585,128250
0516.jpg,0516.jpg,1720,202826
0479.jpg,0479.jpg,15494,129404
0572.jpg,0572.jpg,45420,136800
0451.jpg,0451.jpg,8231,98350
0590.jpg,0590.jpg,79615,137274
0489.jpg,0489.jpg,25016,164430
0552.jpg,0552.jpg,4926,180642
0577.jpg,0577.jpg,5136,107379
0499.jpg,0499.jpg,7502,125235
0616.jpg,0616.jpg,19289,110376
0576.jpg,0576.jpg,8492,126060
0612.jpg,0612.jpg,5594,134561
0584.jpg,0584.jpg,7397,134717
0535.jpg,0535.jpg,576,106362
0529.jpg,0529.jpg,7892,207090
0486.jpg,0486.jpg,6151,106107
0461.jpg,0461.jpg,16688,81571
0578.jpg,0578.jpg,50272,143616
0604.jpg,0604.jpg,15508,129778
0617.jpg,0617.jpg,39312,129239
0553.jpg,0553.jpg,42286,182020
0549.jpg,0549.jpg,32550,190560
0523.jpg,0523.jpg,18942,209671
0430.jpg,0430.jpg,27426,125398
0591.jpg,0591.jpg,1059,48720
0599.jpg,0599.jpg,16471,122356
0513.jpg,0513.jpg,22231,83571
0585.jpg,0585.jpg,14594,136686
0434.jpg,0434.jpg,28086,154440
0474.jpg,0474.jpg,766,98568
0471.jpg,0471.jpg,15882,92136
0574.jpg,0574.jpg,31189,162212
0567.jpg,0567.jpg,3186,76410
0502.jpg,0502.jpg,27763,111115
0498.jpg,0498.jpg,42432,97335
0583.jpg,0583.jpg,17938,90190
0484.jpg,0484.jpg,26055,59296
0453.jpg,0453.jpg,5135,90522
0509.jpg,0509.jpg,10243,74880
0524.jpg,0524.jpg,17017,210749
0530.jpg,0530.jpg,7102,201912
0463.jpg,0463.jpg,11755,106904
0441.jpg,0441.jpg,8518,99456
0533.jpg,0533.jpg,5596,204672
0565.jpg,0565.jpg,8440,119427
0542.jpg,0542.jpg,13886,105768
0483.jpg,0483.jpg,1142,59092
0528.jpg,0528.jpg,16863,208936
0490.jpg,0490.jpg,44942,124100
0500.jpg,0500.jpg,14122,120935
0519.jpg,0519.jpg,5281,211578
0615.jpg,0615.jpg,35438,597402
0566.jpg,0566.jpg,8299,117249
0541.jpg,0541.jpg,12920,177012
0568.jpg,0568.jpg,40747,75858
0476.jpg,0476.jpg,1548,72828
0506.jpg,0506.jpg,48743,105616
0573.jpg,0573.jpg,1578,167808
0460.jpg,0460.jpg,7143,98356
0446.jpg,0446.jpg,10766,110187
0545.jpg,0545.jpg,2750,84960
0589.jpg,0589.jpg,21858,172095
0603.jpg,0603.jpg,6749,155848
0462.jpg,0462.jpg,28461,121680
0537.jpg,0537.jpg,1063,105740
0606.jpg,0606.jpg,99818,132770
0468.jpg,0468.jpg,1876,119113
0534.jpg,0534.jpg,40683,109230
0487.jpg,0487.jpg,3971,86701
0611.jpg,0611.jpg,3813,131376
0602.jpg,0602.jpg,4675,134640
0482.jpg,0482.jpg,13283,53912
0443.jpg,0443.jpg,31288,68057
0555.jpg,0555.jpg,6597,86485
0619.jpg,0619.jpg,34019,320540
0450.jpg,0450.jpg,971,145008
0597.jpg,0597.jpg,3843,195714
0459.jpg,0459.jpg,8454,94526
0592.jpg,0592.jpg,20329,85094
0593.jpg,0593.jpg,58285,123580
0478.jpg,0478.jpg,11496,116964
0600.jpg,0600.jpg,27648,119238
0488.jpg,0488.jpg,25544,149625
0536.jpg,0536.jpg,13468,107606
0475.jpg,0475.jpg,11342,76824
0493.jpg,0493.jpg,4519,94575
0445.jpg,0445.jpg,2008,141282
0521.jpg,0521.jpg,3457,216762
0452.jpg,0452.jpg,28079,110400
0504.jpg,0504.jpg,5371,93120
0564.jpg,0564.jpg,18306,118720
0558.jpg,0558.jpg,9720,102290
0547.jpg,0547.jpg,2573,174440
0548.jpg,0548.jpg,47709,180905
0442.jpg,0442.jpg,49695,105504
0517.jpg,0517.jpg,5336,212366
0561.jpg,0561.jpg,7295,93220
0491.jpg,0491.jpg,16944,125120
0526.jpg,0526.jpg,1972,205898
0433.jpg,0433.jpg,21467,74620
0531.jpg,0531.jpg,16565,206208
0569.jpg,0569.jpg,6226,72912
0581.jpg,0581.jpg,51367,91908
0608.jpg,0608.jpg,23116,78100
0485.jpg,0485.jpg,55630,120192
0546.jpg,0546.jpg,21729,177514
0570.jpg,0570.jpg,6723,70152
0575.jpg,0575.jpg,1774,111805
0447.jpg,0447.jpg,18235,136896
0495.jpg,0495.jpg,18730,118674
0613.jpg,0613.jpg,28594,134640
0515.jpg,0515.jpg,5392,207203
0472.jpg,0472.jpg,1304,85424
0594.jpg,0594.jpg,6810,156312
0457.jpg,0457.jpg,32784,100980
0562.jpg,0562.jpg,23032,91296
0582.jpg,0582.jpg,4199,91324
0557.jpg,0557.jpg,6424,113664
0580.jpg,0580.jpg,44639,96815
0448.jpg,0448.jpg,27202,71022
0563.jpg,0563.jpg,64009,181608
0511.jpg,0511.jpg,1180,85008
0556.jpg,0556.jpg,38358,99104
0466.jpg,0466.jpg,18188,118491
0620.jpg,0620.jpg,9905,159480
0431.jpg,0431.jpg,30636,84930
0494.jpg,0494.jpg,47922,116939
0532.jpg,0532.jpg,4792,203835
0518.jpg,0518.jpg,4941,209576
0454.jpg,0454.jpg,55811,111438
0503.jpg,0503.jpg,23026,97104
0439.jpg,0439.jpg,22195,90902
0596.jpg,0596.jpg,60253,169435
0559.jpg,0559.jpg,34998,87087
0465.jpg,0465.jpg,16176,124678
0560.jpg,0560.jpg,5618,70992
0539.jpg,0539.jpg,6259,93888
0618.jpg,0618.jpg,18318,320625
0610.jpg,0610.jpg,8979,79424
0449.jpg,0449.jpg,17624,71016
0505.jpg,0505.jpg,29035,101412
0458.jpg,0458.jpg,48096,115010
0436.jpg,0436.jpg,66408,333560
0481.jpg,0481.jpg,60573,331329
0496.jpg,0496.jpg,6677,147375
0520.jpg,0520.jpg,3154,211140
0497.jpg,0497.jpg,6238,194040
0470.jpg,0470.jpg,26239,89910
0467.jpg,0467.jpg,6534,117936
0435.jpg,0435.jpg,14166,105456
0601.jpg,0601.jpg,25655,134480
0501.jpg,0501.jpg,20842,113354
0514.jpg,0514.jpg,9581,89400
0614.jpg,0614.jpg,27516,592383
0512.jpg,0512.jpg,27184,80240
0586.jpg,0586.jpg,24239,92352
0469.jpg,0469.jpg,1833,125388
0438.jpg,0438.jpg,12514,94526
0543.jpg,0543.jpg,21839,122976
0609.jpg,0609.jpg,16093,79499
0598.jpg,0598.jpg,43959,192228
0579.jpg,0579.jpg,1685,191888
0480.jpg,0480.jpg,3284,131224
0540.jpg,0540.jpg,928,91083
0455.jpg,0455.jpg,741,82800
0571.jpg,0571.jpg,20503,140980
0473.jpg,0473.jpg,49982,120574
0588.jpg,0588.jpg,59995,93888
0510.jpg,0510.jpg,5695,63600
0525.jpg,0525.jpg,13179,211184
0551.jpg,0551.jpg,18520,103824
0507.jpg,0507.jpg,56569,120120
0544.jpg,0544.jpg,32561,85250
0587.jpg,0587.jpg,22985,92976
0595.jpg,0595.jpg,13523,138088
0538.jpg,0538.jpg,9286,99144
0607.jpg,0607.jpg,30763,78120
0554.jpg,0554.jpg,30888,179786
0444.jpg,0444.jpg,14072,69918
0432.jpg,0432.jpg,28066,80360
0477.jpg,0477.jpg,8959,93888
0550.jpg,0550.jpg,13859,106733
0761.jpg,0761.jpg,9375,66420
0723.jpg,0723.jpg,43026,147431
0780.jpg,0780.jpg,5765,65552
0732.jpg,0732.jpg,32362,113019
0684.jpg,0684.jpg,4540,126882
0697.jpg,0697.jpg,25639,135412
0806.jpg,0806.jpg,3810,97223
0636.jpg,0636.jpg,1925,67334
0688.jpg,0688.jpg,22215,110100
0794.jpg,0794.jpg,7975,101099
0733.jpg,0733.jpg,14156,158782
0792.jpg,0792.jpg,23225,175104
0800.jpg,0800.jpg,22652,166992
0748.jpg,0748.jpg,126467,269328
0718.jpg,0718.jpg,103033,323016
0779.jpg,0779.jpg,45908,168696
0751.jpg,0751.jpg,2180,103896
0820.jpg,0820.jpg,13472,86320
0703.jpg,0703.jpg,2258,157994
0690.jpg,0690.jpg,5377,174542
0671.jpg,0671.jpg,99223,191672
0786.jpg,0786.jpg,7790,41132
0638.jpg,0638.jpg,18397,122018
0675.jpg,0675.jpg,14364,159594
0741.jpg,0741.jpg,28013,59160
0669.jpg,0669.jpg,26007,91760
0681.jpg,0681.jpg,34180,122625
0817.jpg,0817.jpg,3858,120890
0734.jpg,0734.jpg,39423,119880
0637.jpg,0637.jpg,100683,334260
0641.jpg,0641.jpg,12632,86598
0809.jpg,0809.jpg,10497,93960
0654.jpg,0654.jpg,56870,131670
0635.jpg,0635.jpg,8509,81855
0802.jpg,0802.jpg,60085,160370
0778.jpg,0778.jpg,32240,66612
0777.jpg,0777.jpg,4267,75810
0750.jpg,0750.jpg,10996,87278
0677.jpg,0677.jpg,40107,122672
0643.jpg,0643.jpg,35425,130680
0738.jpg,0738.jpg,27373,144300
0730.jpg,0730.jpg,30208,127500
0700.jpg,0700.jpg,47705,179949
0749.jpg,0749.jpg,126425,270368
0682.jpg,0682.jpg,39481,144872
0815.jpg,0815.jpg,1760,170040
0795.jpg,0795.jpg,8038,101412
0774.jpg,0774.jpg,27468,138976
0640.jpg,0640.jpg,38659,119880
0797.jpg,0797.jpg,13456,93993
0670.jpg,0670.jpg,6076,91450
0758.jpg,0758.jpg,80245,150423
0626.jpg,0626.jpg,39546,131054
0679.jpg,0679.jpg,54256,125624
0664.jpg,0664.jpg,7656,97020
0628.jpg,0628.jpg,44631,131868
0747.jpg,0747.jpg,74305,268336
0816.jpg,0816.jpg,21413,84150
0819.jpg,0819.jpg,11350,112098
0692.jpg,0692.jpg,35394,76788
0771.jpg,0771.jpg,13578,114165
0708.jpg,0708.jpg,23140,77115
0676.jpg,0676.jpg,5254,132678
0756.jpg,0756.jpg,12853,139181
0765.jpg,0765.jpg,20566,112887
0701.jpg,0701.jpg,23092,158772
0814.jpg,0814.jpg,8698,137448
0768.jpg,0768.jpg,3089,81490
0656.jpg,0656.jpg,4827,45360
0714.jpg,0714.jpg,1876,65552
0813.jpg,0813.jpg,14676,127170
0812.jpg,0812.jpg,23680,128296
0632.jpg,0632.jpg,27128,73975
0639.jpg,0639.jpg,47951,122094
0706.jpg,0706.jpg,3045,114985
0629.jpg,0629.jpg,4659,77235
0825.jpg,0825.jpg,10137,67750
0808.jpg,0808.jpg,22837,96652
0693.jpg,0693.jpg,10858,122304
0742.jpg,0742.jpg,64501,120620
0678.jpg,0678.jpg,2932,110223
0752.jpg,0752.jpg,6730,107892
0796.jpg,0796.jpg,2889,95518
0801.jpg,0801.jpg,12642,79948
0686.jpg,0686.jpg,35413,177508
0631.jpg,0631.jpg,14987,127464
0717.jpg,0717.jpg,8047,109590
0744.jpg,0744.jpg,5099,159176
0784.jpg,0784.jpg,4959,98800
0755.jpg,0755.jpg,18416,75744
0707.jpg,0707.jpg,18612,172289
0705.jpg,0705.jpg,1789,85050
0767.jpg,0767.jpg,4071,93925
0754.jpg,0754.jpg,10706,78319
0622.jpg,0622.jpg,5159,129071
0746.jpg,0746.jpg,69547,328008
0621.jpg,0621.jpg,3196,90922
0725.jpg,0725.jpg,23807,127088
0807.jpg,0807.jpg,6390,101536
0803.jpg,0803.jpg,10731,170781
0710.jpg,0710.jpg,57217,93670
0712.jpg,0712.jpg,4762,128934
0634.jpg,0634.jpg,5083,72092
0759.jpg,0759.jpg,61015,150046
0805.jpg,0805.jpg,10612,95120
0642.jpg,0642.jpg,6704,135456
0770.jpg,0770.jpg,6294,88173
0699.jpg,0699.jpg,4342,160358
0773.jpg,0773.jpg,8305,137944
0745.jpg,0745.jpg,6223,180800
0757.jpg,0757.jpg,4983,136120
0627.jpg,0627.jpg,54261,131376
0731.jpg,0731.jpg,2391,127224
0798.jpg,0798.jpg,7808,93090
0651.jpg,0651.jpg,79179,327267
0720.jpg,0720.jpg,4866,307366
0736.jpg,0736.jpg,8575,114375
0650.jpg,0650.jpg,92418,326120
0781.jpg,0781.jpg,30203,67728
0785.jpg,0785.jpg,11311,90280
0762.jpg,0762.jpg,2265,118769
0764.jpg,0764.jpg,4853,111216
0704.jpg,0704.jpg,23108,198702
0821.jpg,0821.jpg,1407,67599
0727.jpg,0727.jpg,865,87567
0822.jpg,0822.jpg,1710,92564
0713.jpg,0713.jpg,13708,128968
0696.jpg,0696.jpg,608,92247
0661.jpg,0661.jpg,44600,126882
0726.jpg,0726.jpg,6413,77088
0709.jpg,0709.jpg,1550,82656
0674.jpg,0674.jpg,35734,155855
0763.jpg,0763.jpg,2601,118470
0689.jpg,0689.jpg,15023,82748
0715.jpg,0715.jpg,11380,108976
0672.jpg,0672.jpg,10149,196812
0691.jpg,0691.jpg,37401,78795
0735.jpg,0735.jpg,2283,116640
0793.jpg,0793.jpg,8102,93380
0743.jpg,0743.jpg,22341,123090
0716.jpg,0716.jpg,14658,109089
0665.jpg,0665.jpg,15218,105118
0630.jpg,0630.jpg,1035,73959
0685.jpg,0685.jpg,17564,174988
0787.jpg,0787.jpg,6206,51075
0683.jpg,0683.jpg,68801,155220
0623.jpg,0623.jpg,28625,66528
0737.jpg,0737.jpg,25729,113392
0644.jpg,0644.jpg,6013,130272
0811.jpg,0811.jpg,1798,67160
0804.jpg,0804.jpg,8995,124355
0625.jpg,0625.jpg,41323,101990
0657.jpg,0657.jpg,10934,89365
0769.jpg,0769.jpg,3753,85255
0824.jpg,0824.jpg,8147,88768
0698.jpg,0698.jpg,3144,127050
0633.jpg,0633.jpg,34443,103360
0658.jpg,0658.jpg,19158,85374
0680.jpg,0680.jpg,53902,154448
0788.jpg,0788.jpg,39436,87300
0729.jpg,0729.jpg,40662,128216
0721.jpg,0721.jpg,6175,286708
0719.jpg,0719.jpg,16011,320222
0823.jpg,0823.jpg,588,87300
0790.jpg,0790.jpg,9325,99408
0667.jpg,0667.jpg,23135,104780
0663.jpg,0663.jpg,40966,97119
0652.jpg,0652.jpg,45581,79110
0702.jpg,0702.jpg,19295,156815
0782.jpg,0782.jpg,80355,121180
0772.jpg,0772.jpg,10241,74520
0791.jpg,0791.jpg,21636,174040
0673.jpg,0673.jpg,9883,145452
0647.jpg,0647.jpg,1567,143497
0687.jpg,0687.jpg,25348,171496
0649.jpg,0649.jpg,23676,138000
0818.jpg,0818.jpg,8743,91455
0810.jpg,0810.jpg,34807,89590
0760.jpg,0760.jpg,13706,148056
0724.jpg,0724.jpg,59496,108891
0624.jpg,0624.jpg,983,135379
0799.jpg,0799.jpg,90549,167739
0655.jpg,0655.jpg,64007,131200
0728.jpg,0728.jpg,10671,121590
0653.jpg,0653.jpg,3477,37584
0646.jpg,0646.jpg,8160,163114
0740.jpg,0740.jpg,24016,171612
0666.jpg,0666.jpg,47114,105678
0695.jpg,0695.jpg,19374,161280
0739.jpg,0739.jpg,10039,201212
0662.jpg,0662.jpg,50634,126224
0668.jpg,0668.jpg,2303,84197
0766.jpg,0766.jpg,36600,85228
0783.jpg,0783.jpg,59489,121910
0645.jpg,0645.jpg,2343,159094
0694.jpg,0694.jpg,21989,142104
0648.jpg,0648.jpg,39274,136125
0660.jpg,0660.jpg,15703,72090
0776.jpg,0776.jpg,17341,75561
0789.jpg,0789.jpg,9083,94284
0711.jpg,0711.jpg,4566,129276
0722.jpg,0722.jpg,15885,147420
0659.jpg,0659.jpg,6709,71554
0775.jpg,0775.jpg,29780,138288
0753.jpg,0753.jpg,16461,82908
0990.jpg,0990.jpg,41269,91930
0950.jpg,0950.jpg,25016,136940
0981.jpg,0981.jpg,57564,148519
0994.jpg,0994.jpg,6736,158592
0839.jpg,0839.jpg,4516,85263
0870.jpg,0870.jpg,5384,94466
0925.jpg,0925.jpg,17380,114534
0909.jpg,0909.jpg,31912,92829
0832.jpg,0832.jpg,7613,117000
1012.jpg,1012.jpg,15555,65926
0882.jpg,0882.jpg,10973,63392
0985.jpg,0985.jpg,7835,105190
1016.jpg,1016.jpg,38680,98371
0846.jpg,0846.jpg,52057,171456
0849.jpg,0849.jpg,37087,117490
0936.jpg,0936.jpg,16209,92538
0977.jpg,0977.jpg,17339,115784
0968.jpg,0968.jpg,84602,129408
0855.jpg,0855.jpg,10806,225810
0865.jpg,0865.jpg,6669,81810
1001.jpg,1001.jpg,10113,136041
0991.jpg,0991.jpg,62167,98530
0916.jpg,0916.jpg,20746,106760
0884.jpg,0884.jpg,7178,107440
0901.jpg,0901.jpg,4118,80040
0893.jpg,0893.jpg,28533,95448
0962.jpg,0962.jpg,33087,136120
0965.jpg,0965.jpg,4825,52208
0838.jpg,0838.jpg,2782,90792
0914.jpg,0914.jpg,2325,107756
0859.jpg,0859.jpg,48061,111090
1023.jpg,1023.jpg,29287,117633
0869.jpg,0869.jpg,3498,106492
0835.jpg,0835.jpg,4066,125400
0872.jpg,0872.jpg,16483,117000
0954.jpg,0954.jpg,47862,141368
0854.jpg,0854.jpg,4282,191090
0912.jpg,0912.jpg,8162,145486
0889.jpg,0889.jpg,19284,87532
0840.jpg,0840.jpg,47767,91396
0945.jpg,0945.jpg,6348,156114
0963.jpg,0963.jpg,3441,133008
1004.jpg,1004.jpg,1223,156563
0982.jpg,0982.jpg,23549,102258
0923.jpg,0923.jpg,34379,110864
0999.jpg,0999.jpg,5036,139855
0868.jpg,0868.jpg,3553,81012
1019.jpg,1019.jpg,8652,117656
0972.jpg,0972.jpg,23991,123804
0978.jpg,0978.jpg,23113,115564
1018.jpg,1018.jpg,24614,81000
0983.jpg,0983.jpg,15443,105840
0896.jpg,0896.jpg,26216,182589
